Ab Aeterno,源於永恆
Aberrant Sledge,怪異攻城錘
Abiding Hex,永久咒術
Absent Amulet,虛無護身符
Abyss Tablet,深淵碑牌
Abyssal Flail,深淵鏈錘
Abyssal Signet,深淵之記
Accelerated Growth,飛速生長
Accelerated Growth II,飛速生長II
Acrid Wand,刺鼻法杖
Acrimony,毒辣
Adherent Bow,信徒之弓
Adherent Cuffs,追隨者腕帶
Adherent Leggings,信徒護腿
Adherent's Raiment,信徒之衣
Adhesive Grenades I,黏性擲彈 I
Adhesive Grenades II,黏性擲彈 II
Admixture,混合劑
Adonia's Ego,艾多尼亞的自負
Adorned Wraps,裝飾裹手
Advancing Storm,推進風暴
Aegis Quarterstaff,神禦細杖
Aerisvane's Wings,艾瑞斯凡恩之翼
Aftershock I,餘震 I
Aftershock II,餘震 II
Against the Darkness,力抗黑暗
Aged Cuffs,陳舊腕帶
Aged Tower Shield,陳舊塔盾
Akoyan Club,艾古亞棍棒
Akoyan Spear,艾古亞長矛
Albino Rhoa Feather,白化的羽毛
Alchemist's Boon,煉金師恩惠
Alignment I,聯合 I
Alignment II,聯合 II
Alignment III,聯合 III
Alkem Eira,神諭
Alloy Crossbow,合金十字弓
Alpha Talisman,統領魔符
Alpha's Howl,極地之嗥
Altar Robe,祭壇長袍
Amber Amulet,琥珀護身符
Ambrosia,仙饌蜜酒
Ambrosia II,仙饌蜜酒 II
Ambush,伏擊
Amethyst Charm,紫晶護符
Amethyst Ring,紫晶戒指
Ammo Conservation I,彈藥保存 I
Ammo Conservation II,彈藥保存 II
Ammo Conservation III,彈藥保存 III
Amor Mandragora,阿莫爾．曼德拉戈拉
Amphora Relic,陶罐聖物
Ancestor Tower Shield,先祖塔盾
Ancestral Aid,先祖援助
Ancestral Call I,先祖怒嚎 I
Ancestral Call II,先祖怒嚎 II
Ancestral Cry,先祖戰吼
Ancestral Mail,先祖鎖甲
Ancestral Tiara,先祖頭冠
Ancestral Warrior Totem,先祖戰士圖騰
Anchorite Garb,隱者裝束
Ancient Buckler,遠古輕盾
Ancient Cuffs,遠古腕帶
Ancient Greatblade,遠古巨刃
Ancient Leggings,遠古護腿
Ancient Mail,遠古鎖甲
Ancient Mitts,遠古長手套
Ancient Visor,遠古護面盔
Andvarius,貪慾之記
Animus Exchange,意志轉換
Animus Splinters,意志斷片
Antidote Charm,解毒護符
Antler Focus,靈鹿法器
Anvil Maul,鐵砧重錘
Apep's Supremacy,艾普霸權
Apostle Leggings,使徒護腿
Apron of Emiran,埃米蘭之裙
Arakaali's Gift,艾爾卡莉的贈禮
Arc,電弧
Arcane Dirk,奧術短刀
Arcane Surge,秘能波動
Arced Longsword,弧形長劍
Arched Greataxe,拱形巨斧
Archmage,魔幻輔助
Arcing Quarterstaff,電弧細杖
Arctic Armour,極地裝甲
Arctic Howl,極地狂嚎
Armour Break I,護甲破壞 I
Armour Break II,護甲破壞 II
Armour Break III,護甲破壞 III
Armour Breaker,護甲碎擊
Armour Demolisher I,護甲破壞者 I
Armour Demolisher II,護甲破壞者 II
Armour Explosion,護甲爆破
Armour Piercing Rounds,穿甲彈藥
Armoured Cap,裝甲便帽
Armoured Vest,裝甲背心
Arms Length,伸手可及
Array Buckler,排列輕盾
Arrayed Focus,陣列法器
Artillery Ballista,火砲砲塔
Artillery Bow,砲火弓
Arvil's Wheel,阿瓦爾之輪
Ascetic Garb,苦行者裝束
Ashbark Talisman,燼木魔符
Ashen Staff,灰燼長杖
Ashrend,拂燼
Asphyxia's Wrath,冰靈之吼
Assailum,刺殺
Assassin Garb,刺客裝束
Astral Projection,星空投影
Astramentis,均衡之符
Atsak's Sight,阿札克之瞳
Attrition,損耗
Attuned Wand,調和法杖
Atziri's Acuity,阿茲里的捷思
Atziri's Contempt,阿茲里的輕視
Atziri's Disdain,阿茲里的蔑視
Atziri's Rule,阿茲里的統御
Atziri's Splendour,阿茲里的威權
Atziri's Step,阿茲里的金履
Aurseize,富貴之運
Austere Garb,樸素裝束
Auto Reload,自動裝填
Avian Mask,飛羽之面
Avian Robe,飛羽長袍
Avian Targe,飛羽圓盾
Avian Tiara,飛羽頭冠
Azure Amulet,蒼藍項鍊
Ball Lightning,天雷之珠
Bandage Wraps,繃帶裹手
Bandit Hatchet,強盜斧
Bandit Mace,盜賊之錘
Bandit Mask,盜賊之面
Bangled Sandals,鐲子便鞋
Barbarian Plate,野蠻人鎧甲
Barbarous Quarterstaff,野蠻細杖
Barbed Bracers,鉤刺護腕
Barbed Spear,鉤刺長矛
Barbs I,倒刺 I
Barbs II,倒刺 II
Barbs III,倒刺 III
Barkskin,木質外膚
Baroque Gloves,巴洛克手套
Baroque Targe,巴洛克圓盾
Barrage,彈幕輔助
Barricade Tower Shield,障壁塔盾
Barrier Invocation,屏障祈願
Barrier Quarterstaff,屏障細杖
Bastion Sabatons,堅堡鎧靴
Battershout,猛擊吶喊
Battle Axe,戰斧
Battle Pick,戰鬥鎬
Beacon of Azis,阿基斯的信標
Beaded Circlet,串珠頭環
Bearded Axe,鉤刺斧
Bearskin Mantle,熊皮披肩
Beetlebite,甲蟲噬咬
Behead I,斬首 I
Behead II,斬首 II
Beira's Anguish,貝伊拉的悲痛
Belly of the Beast,巨獸之腹
Berek's Grip,貝雷克的冰與雷之曲
Berek's Pass,貝雷克的冰與火之歌
Berek's Respite,貝雷克的火與雷之樂
Berserk,狂戰
Beyond Reach,無法到達
Bidding I,出價 I
Bidding II,出價 II
Bidding III,出價 III
Bijouborne,寶石之源
Bind Spectre,束縛幽魂
Biostatic Ring,恆生之戒
Birth of Fury,憤怒的誕生
Birthright Buckle,天生權利扣環
Biting Frost I,刺骨冰霜I
Biting Frost II,刺骨冰霜II
Bitter Dead,苦澀衰亡
Bitterbloom,苦心花
Black Scythe Artifact,黑暗血鐮文物
Black Sun Crest,黑陽之冠
Blackbraid,黑辮
Blackfire Crossbow,黑火十字弓
Blackflame,黯炎
Blackgleam,黑炎之芒
Blackheart,幽暗之語
Blacksmith Maul,鐵匠重錘
Blacksteel Crest Shield,烏鋼紋章盾
Blacksteel Gauntlets,烏鐵護手
Blacksteel Sabatons,烏鋼鎧靴
Blacksteel Tower Shield,黑鋼塔盾
Bladed Quarterstaff,帶刃細杖
Bladeguard Buckler,刃衛輕盾
Blasphemy,詛咒光環輔助
Blazing Critical,燃焰暴擊
Blazon Crest Shield,家徽紋章盾
Bleak Crossbow,無情十字弓
Bleed I,流血 I
Bleed II,流血 II
Bleed III,流血 III
Bleed IV,流血 IV
Blessed Bonds,祝福之絆
Blessed Claymore,祝福大劍
Blind I,致盲 I
Blind II,致盲 II
Blindside,偷襲
Blink,閃現
Blistering Bond,極熱護環
Blood Hunt,鮮血狩獵
Blood of the Warrior,戰士之血
Blood Price,血償
Bloodbarrier,鮮血屏障
Bloodhound's Mark,鮮血獵犬印記
Bloodletting Dagger,出血匕首
Bloodlust,嗜血
Bloodstone Amulet,血石項鍊
Blueflame Bracers,藍焰護腕
Bluetongue,藍舌
Blunt Quiver,鈍箭袋
Boarding Hatchet,登船斧
Bolstered Mitts,加固長手套
Bolting Quarterstaff,雷霆細杖
Bombard Crossbow,轟擊十字弓
Bone Cage,骨牢
Bone Offering,骸骨奉獻
Bone Raiment,骸骨之衣
Bone Shrapnel,骨片
Bone Wand,骸骨法杖
Bones of Ullr,烏勒爾之骨
Boneshatter,碎骨
Bonestorm,骸骨風暴
Bound Boots,綑綁長靴
Bound Bracers,緊縛護腕
Bound Cuffs,綑綁腕帶
Bound Leggings,綑綁護腿
Bound Sandals,綑綁便鞋
Boundless Energy I,無盡能量 I
Boundless Energy II,無盡能量 II
Bounty I,寶物 I
Bounty II,寶物 II
Braced Sabatons,加固鎧靴
Braced Tower Shield,加固塔盾
Braided Cuffs,編織腕帶
Brain Rattler,腦亂者
Bramblejack,刺棘寶甲
Brambleslam,荊棘猛擊
Branched Spear,分支長矛
Branching Fissures I,分岔裂縫 I
Branching Fissures II,分岔裂縫 II
Breach Ring,裂痕戒指
Breach Tablet,裂痕碑牌
Break Endurance,打破忍耐
Break Posture,破壞姿態
Breath of the Mountains,山地之息
Briarpatch,薔薇眼罩
Brigand Mace,強盜之錘
Brigand Mask,強盜之面
Brimmed Helm,邊緣之盔
Brink I,邊緣 I
Brink II,邊緣 II
Briskwrap,荒途
Bristleboar,鬃豬
Brittle Armour,易碎鎧甲
Broad Greatsword,闊刃巨劍
Broad Spear,闊刃長矛
Broadhead Quiver,寬頭箭袋
Broadsword,闊劍
Broken Circle Artifact,破碎之環文物
Bronze Greaves,青銅脛甲
Bronzebeard,銅鬚
Brutality I,野性殘暴 I
Brutality II,野性殘暴 II
Brutality III,野性殘暴 III
Brutus' Lead Sprinkler,布魯特斯的刑具
Brynhand's Mark,布林漢的印記
Buckled Wraps,帶扣裹手
Bulwark Greaves,壁壘脛甲
Bulwark Tower Shield,守護塔盾
Burgeon I,萌發 I
Burgeon II,萌發 II
Burning Inscription,爆燃銘文
Burnished Gauntlets,拋光護手
Bursting Decay,爆發腐蝕
Bursting Plague,爆裂瘟疫
Bushwhack,突襲
Byrnabas,布萊納巴斯
Cabalist Helm,秘術師之盔
Cadence,終止
Cadiro's Gambit,卡迪羅的詭計
Calescent Hammer,升溫之錘
Calgyra's Arc,凱爾捷拉之弧
Call of the Brotherhood,意志呼喚
Caltrops,蒺藜
Cambric Wraps,棉布裹手
Candlemaker,製燭者
Cannibalism I,食人 I
Cannibalism II,食人 II
Cannonade Crossbow,砲擊十字弓
Captain Gauntlets,隊長護手
Carnage Heart,屠戮之心
Carrion Call,腐肉呼喚
Carved Greaves,雕刻脛甲
Carved Targe,雕刻圓盾
Carving Hatchet,雕刻斧
Cassis Helm,卡賽斯之盔
Cast on Critical,暴擊時施放
Cast on Dodge,閃避時施放
Cast on Elemental Ailment,元素異常狀態時施放
Cast on Freeze,冰凍時施放
Cast on Ignite,點燃時施放
Cast on Minion Death,召喚物死亡時施放
Cast on Shock,感電時施放
Cat O' Nine Tails,九尾貓
Catalysing Elements,催化元素
Catharsis,宣洩
Cavalry Boots,騎兵長靴
Cavalry Bow,騎兵之弓
Ceremonial Halberd,儀式斧槍
Ceremonial Robe,儀式長袍
Chain Flail,鎖鏈鏈錘
Chain I,連鎖 I
Chain II,連鎖 II
Chain III,連鎖 III
Chain Mail,鎖鍊鎖甲
Chain Tiara,鎖鍊頭冠
Chain Vestments,鎖鏈法衣
Chainsting,鏈鎖之刺
Champion Cuirass,冠軍胸甲
Champion Helm,勇士之盔
Changeling Talisman,變形魔符
Chaos Attunement,混沌同調
Chaos Mastery,混沌專精
Chaotic Freeze,混沌冰凍
Charge Profusion I,充能滿盈 I
Charge Profusion II,充能滿盈 II
Charge Regulation,充能調節
Charged Mark,蓄電印記
Charged Shots I,充能射擊 I
Charged Shots II,充能射擊 II
Charged Staff,充能長杖
Charm Bounty,護符恩惠
Charmed Shoes,護符輕鞋
Charred Shortsword,焦黑短劍
Chernobog's Pillar,五芒屏障
Chieftain Cuirass,酋長胸甲
Chiming Staff,鳴響長杖
Chiseled Targe,鑿刻圓盾
Chober Chaber,忠誠之錘
Choir of the Storm,暴風之語
Cinched Boots,繫帶長靴
Cinderbark Talisman,灰樹皮魔符
Cinquedea,五指短劍
Clarity I,清晰 I
Clarity II,清晰 II
Clash,交鋒
Clear Skies,蒼空
Cleric Vestments,教士法衣
Cloak of Defiance,衛道之袍
Cloak of Flame,烈炎之袍
Cloaked Mail,斗篷鎖甲
Close Combat I,近身戰 I
Close Combat II,近身戰 II
Closed Helm,緊閉之盔
Cluster Grenade,集束擲彈
Coat of Red,腥紅外衣
Coffer Relic,寶箱聖物
Coiled Buckler,盤繞輕盾
Cold Attunement,冰冷同調
Cold Exposure,冰冷曝曬
Cold Mastery,冰冷專精
Cold Penetration,冰冷穿透
Collapsing Horizon,崩塌的地平線
Colossal Life Flask,高階生命藥劑
Colossal Mana Flask,高階魔力藥劑
Combat Frenzy,戰鬥狂怒
Combo Finisher I,連擊終結輔助 I
Combo Finisher II,連擊終結輔助 II
Comet,彗星
Commander Gauntlets,指揮官護手
Commander Greathelm,指揮官巨盔
Commander Sword,指揮官劍
Commandment,誡命
Commiserate,憐憫
Composite Bow,合成弓
Compressed Duration I,縮短持續時間 I
Compressed Duration II,縮短持續時間 II
Concentrated Area,集中範圍
Concoct I,調製 I
Concoct II,調製 II
Concussive Runes,震盪符文
Concussive Spells,震盪法術
Conductive Runes,傳導符文
Conductivity,導電
Conjurer Mantle,巫術師披肩
Conqueror Plate,征服者鎧甲
Considered Casting,細思施法
Constricting Command,限制之令
Construct Crossbow,絕命十字弓
Construct Hammer,建造錘
Contagion,瘟疫
Controlled Destruction,精準破壞
Controlled Hazard,危險抑制
Controlled Metamorphosis,受控的蛻變
Convalescence,恢復期
Cool Headed,冷靜
Cooldown Recovery I,冷卻時間恢復 I
Cooldown Recovery II,冷卻時間恢復 II
Cornathaum,科那索姆
Corona Amulet,日冕護身符
Corona of the Red Sun,紅日之冕
Corpse Conservation,屍體保存
Corpsewade,屍骨之靴
Corroded Greathelm,腐蝕巨盔
Corroded Longsword,腐蝕長劍
Corrosion,衰敗
Corrupting Cry I,汙染戰吼 I
Corrupting Cry II,汙染戰吼 II
Corsair Cap,海盜便帽
Corsair Coat,海盜外套
Corsair Vest,海盜背心
Corvus Mantle,烏鴉披肩
Cospri's Will,卡斯普里意志
Coursing Current,雷鳴湍流
Coursing Spear,追獵長矛
Couture of Crimson,緋紅訂製服
Covered Sabatons,遮蓋鎧靴
Covert Hood,隱蔽兜帽
Coward's Legacy,懦夫的遺產
Cowled Helm,斗篷之盔
Cracklecreep,裂紋怪客
Crackling Barrier,電流屏障
Crackling Quarterstaff,裂紋細杖
Crater,隕石坑
Crazed Minions,發狂召喚物
Creeping Chill,寒冰蔓延
Crescendo I,逐漸增強 I
Crescendo II,逐漸增強 II
Crescendo III,逐漸增強 III
Crescent Axe,新月斧
Crescent Quarterstaff,新月細杖
Crescent Targe,新月圓盾
Crest of Ardura,阿杜拉之冠
Crimson Amulet,赤紅項鍊
Crone Knife,巫婆小刀
Cross Slash,縱橫劈斬
Crossblade Spear,十字刃長矛
Crown Mace,皇冠之錘
Crown of Eyes,邪眼之冠
Crown of the Pale King,殞皇之冠
Crown of the Victor,勝者之冠
Crown of Thorns,刺棘之冠
Crucible Tower Shield,磨煉塔盾
Crude Bow,粗製弓
Cruel Hegemony,殘暴霸權
Cruel Talisman,殘酷魔符
Crumbling Maul,崩毀重錘
Cryptic Crown,隱祕之冠
Cryptic Helm,隱秘之盔
Cryptic Leggings,隱祕護腿
Crystal Focus,水晶法器
Crystalline Shards,結晶碎片
Cull The Weak,撲殺弱者
Culling Strike I,撲殺 I
Culling Strike II,撲殺 II
Culmination I,頂點 I
Culmination II,頂點 II
Cultist Bow,教徒之弓
Cultist Crown,教徒之冠
Cultist Focus,教徒法器
Cultist Gauntlets,教徒護手
Cultist Greathammer,教徒巨錘
Cultist Tower Shield,教徒塔盾
Cursecarver,咒刻者
Cursed Ground,詛咒地面輔助
Cursespeaker's Robe,詛咒語者長袍
Cutlass,軍用長刃
Daevata's Wind,德瓦塔之風
Daggerfoot Shoes,捷足輕鞋
Danse Macabre,骷髏之舞
Dark Blade,黑暗之刃
Dark Effigy,黑暗雕像
Darkness Enthroned,夜惡降臨
Darkray Vectors,暗雷
Dastard Armour,惡徒護甲
Dauntless,無畏
Daze,目眩
Dazing Cry,目眩戰吼
Dazzle,目眩
Deadly Herald,致命先驅
Deadly Poison I,致命毒藥 I
Deadly Poison II,致命毒藥 II
Deadly Resolve,致死決意
Death Articulated,死亡之聲
Death Mail,死亡鎖甲
Death Mantle,死亡披肩
Death Mask,死亡之面
Death Rush,亡者呼喚
Death's Harp,冥使之琴
Deathblow,致命一擊
Deathmarch,死亡行進
Deathrattle,死亡之聲
Decaying Hex,腐朽咒術
Decorated Helm,裝飾之盔
Decree of Acuity,敏銳敕令
Decree of Flight,翔天敕令
Decree of Loyalty,忠誠敕令
Deep Cuts I,深度切割 I
Deep Cuts II,深度切割 II
Deep Freeze,深度冷凍
Deerstalker Hood,獵鹿者之兜
Defiance Banner,反抗之旗
Defiance of Destiny,拒絕命運
Defy I,違抗 I
Defy II,違抗 II
Deidbell,喪鐘
Dekharan Crest Shield,部下紋章盾
Delayed Gratification,延遲滿足感
Delayed Reaction,延遲反應
Deliberation,審慎
Delirium Tablet,譫妄碑牌
Demigod's Virtue,半神的美德
Demon Stitcher,縫魔
Derange,精神錯亂
Descry Crest Shield,遠見紋章盾
Desert Buckler,沙漠輕盾
Desert Cap,沙漠便帽
Desert Circlet,沙漠頭環
Desolate Crossbow,蒼涼十字弓
Despair,絕望
Desperation,絕望
Detailed Mitts,精細長手套
Detonate Dead,屍體爆破
Detonate Living,活體引爆
Detonating Arrow,爆破箭矢
Devastate,蹂躪
Devour,吞噬
Diamond,鑽石
Dionadair,捍衛者
Direstrike I,極惡打擊 I
Direstrike II,極惡打擊 II
Disengage,脫離戰鬥
Disintegrating Maul,崩解重錘
Distorted Amulet,歪曲護身符
Divine Crown,神聖之冠
Djinn Barya,巨靈之幣
Doedre's Damning,德瑞的魔具
Doedre's Tenure,德瑞的精神手套
Domed Helm,圓頂之盔
Doomfletch,滅世
Doomgate,末日之門
Doryani's Prototype,多里亞尼之型
Double Barrel I,雙管 I
Double Barrel II,雙管 II
Double Barrel III,雙管 III
Double Belt,雙層腰帶
Double Vision,雙重視界
Doubled Gauntlets,雙層護手
Dousing Charm,滅火護符
Dragonscale Boots,龍鱗長靴
Drain Ailments,汲取異常狀態
Drakeskin Boots,龍膚長靴
Dread Banner,恐懼之旗
Dread Hatchet,驚懼符文
Dreadfist,驚懼之拳
Dream Fragments,夢語之痕
Dreaming Quarterstaff,夢境細杖
Drillneck,穿心
Druidic Circlet,德魯伊頭環
Druidic Crown,德魯伊之冠
Druidic Focus,德魯伊法器
Duality,二元性
Dualstring Bow,雙弦弓
Dueling Wand,單挑法杖
Dull Hatchet,鈍斧
Dunerunner Sandals,沙丘行者便鞋
Dunkelhalt,唐克哈特
Durability,耐久
Dusk Amulet,幽暗項鍊
Dusk Ring,幽暗戒指
Dusk Vigil,暗暮守夜
Dustbloom,塵土之花
Dyad Crossbow,雙生十字弓
Earthbound,地縛者
Earthquake,震地
Earthshatter,碎地重擊
Echoing Cry,迴響戰吼
Edged Buckler,刃緣輕盾
Edyrn's Tusks,埃狄恩的曲牙
Efficiency I,效率 I
Efficiency II,效率 II
Effigial Tower Shield,靈像塔盾
Effigy of Cruelty,殘酷塑像
Electrocute,電刑
Electrocuting Arrow,電極箭矢
Electromagnetism,磁化電極
Elegant Crossbow,優雅十字弓
Elegant Glaive,優雅長柄刀
Elegant Greathelm,優雅巨盔
Elegant Greaves,優雅脛甲
Elegant Mitts,優雅長手套
Elegant Plate,優雅鎧甲
Elegant Slippers,優雅便鞋
Elegant Wraps,優雅裹手
Elemental Armament I,元素武裝 I
Elemental Armament II,元素武裝 II
Elemental Armament III,元素武裝 III
Elemental Army,元素軍隊
Elemental Conflux,元素匯流
Elemental Discharge,元素解放
Elemental Focus,元素專注
Elemental Invocation,元素祈願
Elemental Sundering,元素崩裂
Elemental Weakness,元素要害
Elementalist Robe,元素使長袍
Elevore,愛勒弗
Elite Greathelm,菁英巨盔
Embellished Gloves,點綴手套
Ember Fusillade,餘燼齊射
Ember Greataxe,餘燼巨斧
Embitter,激怒
Emblem Crest Shield,徽印紋章盾
Embossed Boots,浮雕長靴
Embroidered Gloves,刺繡手套
Emerald,綠寶石
Emerald Ring,綠寶石戒指
Emergency Reload,緊急裝填
Empire's Grasp,帝國之掌
Empowered Sparks I,強化電球I
Empowered Sparks II,強化電球II
Encroaching Ground,進逼地面
Enduring Impact I,堅忍衝擊 I
Enduring Impact II,堅忍衝擊 II
Energy Barrier,能量屏障
Energy Capacitor,儲能
Energy Retention,能量保留
Enezun's Charge,艾尼尊的衝鋒
Enfeeble,衰弱
Enfolding Dawn,晨曦之擁
Engraved Bracers,紋刻護腕
Engraved Crest Shield,紋刻紋章盾
Engraved Crossbow,紋刻十字弓
Engraved Focus,紋刻法器
Engraved Helm,紋刻之盔
Engraved Knife,紋刻小刀
Enlightened Robe,啟蒙長袍
Enraged Warcry I,激怒戰吼 I
Enraged Warcry II,激怒戰吼 II
Entangle,纏繞
Eonyr's Thunder,伊歐涅的雷霆
Erian's Cobble,埃里安的鵝卵石
Escalating Poison,遞增之毒
Escape Shot,逃脫之矢
Eshtera's Path,艾許特拉之路
Essence Drain,靈魂吸取
Essence Harvest,精髓收割
Essentia Sanguis,精華收割器
Eternal Flame I,永恆烈焰 I
Eternal Flame II,永恆烈焰 II
Eternal Flame III,永恆烈焰 III
Eternal March,永恆行軍
Eternal Mark,永恆印記
Eternal Rage,無盡怒火
Evangelist Garb,傳道者裝束
Eventide Petals,暮色瓣落
Evergrasping Ring,永恆之握戒指
Excise,切除
Excoriate,痛斥
Execrate,咒怨
Execratus Hammer,詛咒之錘
Execute I,處刑 I
Execute II,處刑 II
Execute III,處刑 III
Executioner Greataxe,處刑者巨斧
Exotic Coinage,異域幣鑄
Expand,擴展
Expanse,廣闊區域
Expedition Tablet,探險碑牌
Exploit Weakness,攻其之弱
Explorer Armour,探索者護甲
Explosive Grenade,爆炸擲彈
Explosive Shot,爆炸矢
Explosive Spear,爆炸長矛
Explosive Transmutation,爆炸轉化
Exposing Cry,暴露戰吼
Exquisite Vest,精美背心
Extended Cleaver,加長砍斧
Extraction,提取
Eye of Chayula,夏烏拉之眼
Eye of Winter,凜冬之眼
Eyes of the Runefather,符文之父的視界
Ezomyte Peak,艾茲麥的榮光
Face Mask,護臉之面
Facebreaker,毀面者
Fairgraves' Curse,費爾的詛咒
Faithful Leggings,信仰護腿
Falchion,彎刃劍
Falconer's Jacket,訓鷹者外衣
Falling Thunder,崩雷鳴
Familial Talisman,家族魔符
Fan The Flames,灼炎扇舞I
Fan The Flames II,灼炎扇舞II
Fanatic Bow,盲信之弓
Fanatic Greathammer,盲信巨錘
Fang Talisman,銳爪魔符
Fangs of Frost,刺骨寒冰
Faridun Mask,法里登之面
Feathered Fortress,羽毛堡壘
Feathered Mitts,羽毛長手套
Feathered Raiment,羽絨之衣
Feathered Robe,羽毛長袍
Feathered Sandals,羽毛便鞋
Feathered Targe,羽毛圓盾
Feathered Tiara,羽毛頭冠
Feeding Frenzy I,豢養狂熱 I
Feeding Frenzy II,豢養狂熱 II
Felled Greatclub,墮落巨棍棒
Felt Cap,毛氈便帽
Feral Invocation,野性祈求
Ferocious Roar,兇猛怒吼
Ferocity,狂暴
Fierce Greathelm,兇猛巨盔
Fiery Death,火熱死寂
Fine Belt,精良腰帶
Fine Bracers,精良護腕
Fire Attunement,火焰同調
Fire Exposure,火焰曝曬
Fire Mastery,火焰專精
Fire Penetration I,火焰穿透 I
Fire Penetration II,火焰穿透 II
Fire Quiver,火焰箭袋
Fireball,火球
Fireflower,火焰之花
Firestorm,烈炎風暴
Firm Bracers,穩固護腕
First Blood,浴血鬥士
Fist Of Kalguur,卡爾葛之拳
Fist of War I,拳霸 I
Fist of War II,拳霸 II
Fist of War III,拳霸 III
Fixation of Yix,伊克斯的依戀
Flame Breath,火焰吐息
Flame Wall,烈焰之牆
Flameblast,烈焰爆破
Flamepierce,烈焰穿透
Flammability,易燃
Flanged Greatblade,凸緣巨刃
Flanged Mace,輪緣之錘
Flared Boots,閃耀長靴
Flared Mace,閃光之錘
Flash Grenade,閃光擲彈
Flax Sandals,亞麻便鞋
Flesh Crucible,血肉坩堝
Flexed Crossbow,屈曲十字弓
Flicker Strike,閃現打擊
Flow,流動
Flowing Raiment,奔流之衣
Fluke,僥倖
Flying Spear,翱翔長矛
Focused Curse,專注詛咒
Font of Blood,鮮血器皿
Font of Mana,魔力器皿
Font of Power,力量水晶塔
Font of Rage,盛怒器皿
For Utopia,為了烏托邦
Forbidden Gaze,禁忌凝視
Forest Crown,森林之冠
Forge Hammer,鍛造之錘
Forge Maul,鍛造重錘
Forgotten By Time,時間之遺
Forgotten Warden,遺忘看守
Fork,分裂
Forked Spear,叉狀長矛
Forking Belt,歧路腰帶
Forsaken Bangle,遺落的手鐲
Fortified Hammer,強化之錘
Fortifying Cry,堅韌之吼
Fortress I,堡壘 I
Fortress II,堡壘 II
Fortress Sabatons,要塞鎧靴
Fortress Tower Shield,要塞塔盾
Foxshade,狐毛鎧
Fragmentation Rounds,分裂彈藥
Fragments Of The Past,往昔碎片
Frayed Shoes,磨損輕鞋
Freebooter Cap,劫掠者便帽
Freedom of Faith,信仰的自由
Freeze,冰凍
Freezefork,冰凍之叉
Freezing Mark,冰凍印記
Freezing Salvo,凍結齊射
Frenzied Riposte,狂亂反擊
Frenzied Talisman,狂亂魔符
Fresh Clip I,全新彈夾 I
Fresh Clip II,全新彈夾 II
From Nothing,從無到有
Frost Bomb,寒霜爆
Frost Darts,寒霜之鏢
Frost Nexus,冰霜核心
Frost Wall,冰牆
Frostbolt,寒冰彈
Frostbreath,霜息
Frostfire,霜火
Frostflame Nova,霜火新星
Frozen Locus,寒冰軌跡
Frozen Spite,凍結怨恨
Full Plate,連身鎧甲
Fungal Talisman,真菌魔符
Fur Plate,毛皮鎧甲
Fur-lined Targe,皮襯圓盾
Furious Slam,狂暴重擊
Furtive Wraps,隱秘裹手
Fury Cleaver,狂怒砍斧
Fury of the King,帝王之怒
Fury of the Mountain,山嶺之怒
Fury Talisman,怒火魔符
Galvanic Shards,電能碎片
Galvanic Wand,電能法杖
Gambleshot,博弈射擊
Gamblesprint,豪賭
Gargantuan Life Flask,巨大生命藥劑
Gargantuan Mana Flask,巨大魔力藥劑
Garment,服裝
Gas Arrow,毒氣箭矢
Gas Grenade,毒氣擲彈
Gathering Storm,風暴凝聚
Gauze Wraps,紗布裹手
Gelid Staff,極寒長杖
Gemini Bow,雙子之弓
Gemini Crossbow,雙子十字弓
Geofri's Sanctuary,吉爾菲的聖殿
Ghost Dance,鬼魂之舞
Ghostmarch,鬼行
Ghostwrithe,鬧鬼
Giant Life Flask,巨型生命藥劑
Giant Mana Flask,巨型魔力藥劑
Giant Maul,巨型重錘
Gifts from Above,神賜
Gilded Vestments,鍍金法衣
Glacial Bolt,冰川弩箭
Glacial Cascade,冰川之刺
Glacial Fortress,冰川堡壘
Glacial Lance,冰川之槍
Glacier,冰河
Gladiatorial Helm,衛士之盔
Glass Shank,玻璃利片
Gleaming Cuffs,輝光腕帶
Glimpse of Chaos,混沌一瞥
Gloam Amulet,黃昏項鍊
Gloam Ring,黃昏戒指
Gloamgown,暮光長袍
Gloomform,幽暗之衣
Glowering Crest Shield,怒視紋章盾
Glowswarm,發光蟲群
Gold Amulet,帝金護身符
Gold Circlet,黃金頭環
Gold Gloves,黃金手套
Gold Ring,金光戒指
Goldcast Cuffs,金鑄腕帶
Golden Charm,黃金護符
Golden Mail,耀金鎖甲
Golden Targe,耀金圓盾
Golden Visage,黃金面紗
Goldrim,金縷帽
Goldwork Sabatons,金刺繡鎧靴
Goldworked Tower Shield,黃金塔盾
Goregirdle,血肉束腰
Gorge,峽谷
Gothic Quarterstaff,歌德細杖
Grand Bracers,宏偉護腕
Grand Cuisses,宏偉腿甲
Grand Life Flask,優質生命藥劑
Grand Mana Flask,優質魔力藥劑
Grand Manchettes,宏偉手鐲
Grand Regalia,宏偉華服
Grand Spear,宏偉長矛
Grand Spectrum,巨光譜
Grand Visage,宏偉面紗
Grasping Mail,貪婪鎧甲
Grasping Ring,抓取之戒
Gravebind,幽墓束縛
Great Flail,大型鏈錘
Greater Life Flask,良質生命藥劑
Greater Mana Flask,良質魔力藥劑
Greatwood II,大森林 II
Greed's Embrace,貪婪之擁
Greymake,灰製
Grim Feast,冷酷之宴
Grim Gloves,冷酷手套
Grim Pillars,恐怖之柱
Grinning Mask,獰笑之面
Grip of Kulemak,骷髏馬克的掌握
Grip of Winter,凜冬之握
Grounding Charm,接地護符
Guarded Flail,警惕鏈錘
Guarded Helm,警惕之盔
Guardian Bow,防衛者之弓
Guardian Quarterstaff,守護細杖
Guardian Spear,衛者長矛
Guiding Palm of the Eye,引導之掌：眼
Guiding Palm of the Heart,引導之掌：心
Guiding Palm of the Mind,引導之掌：靈
Gutspike Buckler,挑腸輕盾
Haemocrystals,血晶
Hailstorm Rounds,冰雹彈藥
Hallowed Crown,聖潔之冠
Hallowed Focus,聖潔法器
Hammer of the Gods,眾神之錘
Hand of Chayula,夏烏拉之手
Hand of Wisdom and Action,智行之手
Hardwood Spear,硬木長矛
Hardwood Targe,硬木圓盾
Hardy Totems I,堅韌圖騰 I
Hardy Totems II,堅韌圖騰 II
Harmonic Remnants I,和諧的痕跡 I
Harmonic Remnants II,和諧的痕跡 II
Hateforge,怨恨鍛造
Hatungo Garb,靈語者裝束
Havoc Raiment,禍害之衣
Hawk Idol,翔鷹魔偶
Hawker's Jacket,飼鷹者外衣
Headhunter,獵首
Healing Runes,治癒符文
Heart of the Well,水井之心
Heartbound Loop,結魂之環
Heartcarver Mantle,雕心者披肩
Heartwood Shortbow,赤木之弓
Heatshiver,寒焰
Heavy Belt,重革腰帶
Heavy Bow,重弓
Heavy Crown,沉重之冠
Heavy Greathammer,重型巨錘
Heavy Plate,重型鎧甲
Heavy Swing,沉重揮擊
Heft,分量
Hefty Quarterstaff,堅固細杖
Heightened Accuracy I,強化命中 I
Heightened Accuracy II,強化命中 II
Heightened Charges,能量球增強
Heightened Curse,增強詛咒
Heirloom Cuffs,家傳腕帶
Helbrym's Hide,海爾賓姆的躲藏
Helix Spear,螺旋長矛
Herald of Ash,灰燼之捷
Herald of Blood,鮮血之捷
Herald of Ice,冰霜之捷
Herald of Plague,瘟疫之捷
Herald of Thunder,閃電之捷
Heraldric Tower Shield,紋章塔盾
Herbalism I,藥草學 I
Herbalism II,藥草學 II
Hermit Garb,隱士裝束
Heroic Armour,英雄護甲
Heroic Tragedy,英雄悲劇
Hewn Mask,粗製之面
Hex Bloom,咒術綻放
Hexblast,咒術枯萎
Hexer's Robe,咒術師長袍
High Velocity Rounds,高速彈藥
Hinder,阻礙
Hinekora's Sight,悉妮蔻拉之眼
Hit and Run,打帶跑
Hobble,跛行
Hoghunt,獵豬
Hollow Shell,空無披甲
Holy Descent,神聖血統
Holy Flail,神聖鏈錘
Homeguard Greathelm,家園守衛巨盔
Hooded Mask,風帽之面
Hook Axe,鉤斧
Horned Crown,犄角之冠
Horns of Bynden,賓登之角
Horror's Flight,驚懼飛掠
Hourglass,沙漏
Howling Talisman,狂嚎魔符
Hrimnor's Hymn,雷姆諾的奪命樂具
Hulking Minions,巨大召喚物
Hunter Hood,獵者之兜
Hunting Bracers,狩獵護腕
Hunting Coat,狩獵外套
Hunting Shoes,狩獵輕鞋
Hunting Spear,狩獵長矛
Hypothermia,急凍
Hyrri's Ire,西里的戰衣
Hysseg's Claw,希塞格之爪
Ice Bite I,霜咬 I
Ice Bite II,霜咬 II
Ice Nova,冰霜新星
Ice Shards,寒冰碎片
Ice Shot,冰霜射擊
Ice Strike,霜星連擊
Ice-Tipped Arrows,冰鏃箭矢
Icefang Orbit,冰風軌跡
Icetomb,冰息
Icicle,冰柱
Icicle Flail,冰錐鏈錘
Idle Hands,遊手好閒
Idol of Uldurn,奧敦塑像
Igniferis,烈焰之擊
Ignite I,點燃 I
Ignite II,點燃 II
Ignite III,點燃 III
Immaculate Adherence,完美契合
Immolate,犧牲
Impact Shockwave,衝擊震波
Impale,穿刺輔助
Impending Doom,末日厄運輔助
Imperial Greathelm,帝國巨盔
Incendiary Shot,烈焰射擊
Incense Relic,香爐聖物
Incinerate,燒毀
Incision,切割
INCOMPLETE,未完成
Indigon,地印之環
Inexorable Critical I,無情暴擊 I
Inexorable Critical II,無情暴擊 II
Infernal Cry,煉獄戰吼
Infernal Legion I,煉獄軍團 I
Infernal Legion II,煉獄軍團 II
Infernal Legion III,煉獄軍團 III
Infernoclasp,地獄之握
Ingenuity,獨創
Inhibitor,抑制劑
Innervate,亢奮
Innsmouth,印斯茅斯
Inquisitor Crown,判官之冠
Inscribed Ultimatum,最後通牒雕刻
Intense Agony,劇烈苦痛
Intricate Crest Shield,錯綜紋章盾
Intricate Gloves,精妙手套
Invoking Belt,祈喚腰帶
Iron Buckler,鍛鐵輕盾
Iron Crown,鍛鐵之冠
Iron Cuirass,鍛鐵胸甲
Iron Flail,鋼鐵鏈錘
Iron Greatsword,鍛鐵巨劍
Iron Greaves,鐵鍛脛甲
Iron Ring,鍛鐵戒指
Iron Ward,鋼鐵守護
Ironbound,鐵縛者
Ironclad Vestments,鐵甲法衣
Irongrasp,鐵握
Ironhead Spear,鐵木長矛
Ironmail Gauntlets,鐵鎖護手
Ironride,鐵騎
Ironwood Greathammer,鐵木巨錘
Ironwood Shortbow,鐵木短弓
Ironwood Targe,鐵木圓盾
Irradiated Tablet,輻照碑牌
Itinerant Jacket,遊歷者外衣
Jade Amulet,翠玉護身符
Jade Club,玉製棍棒
Jade Talisman,翠玉魔符
Jade Tiara,翠玉頭冠
Jagged Greataxe,鋸齒巨斧
Jagged Ground I,碎裂地面 I
Jagged Ground II,碎裂地面 II
Jagged Spear,鋸齒長矛
Jarngreipr,雅恩格利佩爾
Jewelled Gloves,寶石手套
Jingling Buckler,響聲輕盾
Jingling Crest Shield,響聲紋章盾
Jingling Focus,響聲法器
Juggernaut Plate,勇士鎧甲
Jungle Tiara,叢林頭冠
Kalandra's Touch,卡蘭德之觸
Kalguuran Cuffs,卡爾葛腕帶
Kalguuran Forgehammer,卡爾葛鍛造錘
Kaltenhalt,冰霜之鏡
Kamasan Tiara,卡瑪薩頭冠
Kaom's Heart,岡姆的壯志
Keelhaul,船拖刑
Keen Greatsword,鋒利巨劍
Keeper of the Arc,電弧守護者
Keth Raiment,凱斯之衣
Killing Palm,摧命之掌
Killjoy,掃興之人
Kinetic Ring,動力之戒
Kingsguard,皇家衛甲
Kitoko's Current,奇多可之流
Knight Armour,騎士護甲
Knightly Mitts,騎士長手套
Knockback,擊退輔助
Kris Knife,波刃刀
Lace Hood,綁帶兜帽
Laced Boots,飾帶長靴
Laced Sandals,飾帶便鞋
Lamellar Mail,分層鎖甲
Lament Amulet,悼亡護身符
Laminate Buckler,層壓輕盾
Lapis Amulet,海玉護身符
Last Gasp,臨終恐息
Lasting Ground,持續性地面
Lasting Shock,持續感電
Lattice Sandals,格子便鞋
Lavianga's Spirits,拉維安加之泉
Layered Gauntlets,層板護手
Layered Vest,分層背心
Lazuli Ring,青金石戒指
Leaden Greathammer,麻木巨錘
Leap Slam,躍擊
Leather Buckler,皮革輕盾
Leather Vest,皮革背心
Leatherbound Hood,皮革兜帽
Leer Cast,共鳴之面
Legionstride,帝國之靴
Leopold's Applause,里歐波德的掌聲
Lesser Life Flask,低階生命藥劑
Lesser Mana Flask,低階魔力藥劑
Leverage,槓桿
Levinstone,浮游石
Leyline Focus,地脈法器
Leylines,地脈
Life Bounty,生命恩惠
Life Drain,生命吸取
Life Leech I,生命偷取 I
Life Leech II,生命偷取 II
Life Leech III,生命偷取 III
Lifesprig,生機之記
Lifetap,活栓輔助
Light Halberd,輕巧斧槍
Lightning Arrow,閃電箭矢
Lightning Attunement,閃電同調
Lightning Coil,雷語
Lightning Conduit,導雷
Lightning Exposure,閃電曝曬
Lightning Mastery,閃電專精
Lightning Penetration,閃電穿透
Lightning Rod,雷霆之杖
Lightning Spear,閃電長矛
Lightning Warp,閃電傳送
Ligurium Talisman,豐金巫符
Liminal Coil,臨界纏繞
Linen Belt,麻布腰帶
Linen Wraps,麻布裹手
Lingering Illusion,殘留幻象
Lioneye's Glare,獅眼的戰弓
Lionheart Greaves,獅心脛甲
Living Bomb,活體炸彈
Living Lightning,活躍閃電
Living Lightning II,活躍閃電 II
Lizardscale Boots,蜥蜴鱗長靴
Lizardscale Coat,蜥蜴鱗外套
Lochtonial Caress,意識之緣
Lockdown,封鎖
Long Belt,長腰帶
Long Fuse I,長引線 I
Long Fuse II,長引線 II
Long Quarterstaff,加長細杖
Longshot I,遠程射擊 I
Longshot II,遠程射擊 II
Loreweave,智者織衫
Loyalty,忠誠
Lumbering Talisman,笨重魔符
Luminous Pace,閃爍步伐
Lunar Amulet,月神項鍊
Lunar Assault,月光突襲
Lunar Blessing,月光賜福
Lunar Quarterstaff,月神細杖
Luxurious Robe,奢華長袍
Luxurious Slippers,奢華便鞋
Lycosidae,狼蛛
Mageblood,魔血
Magma Barrier,熔岩屏障
Magnetic Remnants,磁性痕跡
Magnetic Salvo,電磁齊射
Magnified Area I,增幅光環 I
Magnified Area II,增幅光環 II
Magus Tiara,瑪格思頭冠
Mahuxotl's Machination,瑪哈薩多的陰謀
Mail Belt,鎖甲腰帶
Mail Breaker,鎖甲破壞者
Mail Sabatons,鎖甲鎧靴
Mail Vestments,鎖甲法衣
Mailed Crown,鎖甲之冠
Maim,癱瘓輔助
Maji Talisman,聖賢魔符
Makeshift Crossbow,臨時十字弓
Malady,疾病
Maligaro's Virtuosity,馬雷葛蘿的血染手套
Mammoth Targe,猛獁圓盾
Mana Bounty,魔力恩惠
Mana Flare,魔力閃焰
Mana Leech,魔力偷取
Mana Remnants,魔力痕跡
Mana Tempest,魔力暴風
Mantled Mail,披風鎖甲
Mantra of Destruction,毀滅神咒
Marabout Garb,修士裝束
Maraketh Cuirass,馬拉克斯胸甲
Marauding Mace,劫掠之錘
Marching Mace,行軍之錘
Mark for Death,死亡標記
Mark for Death II,死亡標記 II
Mark of Siphoning,汲取印記
Mark of Siphoning II,汲取印記 II
Marohi Erqi,爾奇的巨靈之錘
Martyr Crown,殉難之冠
Mask of the Sanguimancer,占血之面
Mask of the Stitched Demon,惡縫之面
Masked Greathelm,假面巨盔
Massive Greathammer,巨型巨錘
Massive Mitts,巨型長手套
Massive Spear,巨型長矛
Mastered Domain,主宰領地
Matsya,摩蹉
Meat Shield I,肉盾 I
Meat Shield II,肉盾 II
Medium Life Flask,生命藥劑（中）
Medium Mana Flask,中型魔力藥劑
Megalomaniac,妄想症
Meginord's Girdle,梅吉諾德的力量泉源
Melting Maelstrom,融解漩渦
Mercenary Greathelm,傭兵巨盔
Mercenary Targe,傭兵圓盾
Merit of Service,服役功績
Messer,單手刀
Metalworked Tower Shield,金屬塔盾
Midnight Braid,午夜護鏈
Militant Bow,好戰者之弓
Mind of the Council,議會之心
Ming's Heart,明恩的慧心
Minion Instability,復仇之靈
Minion Mastery,召喚物專精
Minion Pact I,召喚物契約 I
Minion Pact II,召喚物契約 II
Minion Splash I,召喚物擴散I
Minion Splash II,召喚物擴散II
Mirage Archer,幻影射手輔助
Mist Whisper,迷霧低語者
Mjölner,沉默之雷
Mnemonic Ring,憶念之戒
Mobility,機動性
Molten Blast,熔火爆破
Molten Hammer,熔火之錘
Momentum,氣勢
Monument Greataxe,豐碑巨斧
Moon Dagger,月之匕首
Morior Invictus,不敗亡者
Morning Star,晨星
Mortar Cannon,迫擊砲
Moulded Mitts,鑄模長手套
Multishot I,多重射擊 I
Multishot II,多重射擊 II
Murderous Intent,殺人意圖
Murkshaft,陰暗通道
Muster,召集
Myris Uxor,米立斯之妻
Mystic Raiment,神秘之衣
Mysticism I,秘術 I
Mysticism II,秘術 II
Narrow Hood,狹窄兜帽
Nascent Hope,萌芽希望
Nazir's Judgement,納齊爾的審判
Nebuloch,銀河眾星
Necromantle,亡者披肩
Nettle Talisman,蕁麻魔符
Neural Overload,神經超載
Ngamahu's Chosen,努葛瑪呼之選
Nightfall,夜墜
Nightscale,夜鱗
Nimble Reload,靈活裝填
Noble Greathelm,高貴巨盔
Noble Sabatons,高貴鎧靴
Noble Tower Shield,高貴塔盾
Nocturne,夜曲
Northpaw,北方之爪
Nova Projectiles I,新星投射物I
Nova Projectiles II,新星投射物II
Oak Buckler,橡木輕盾
Oak Greathammer,橡木巨錘
Oak Mask,橡木之面
Oaksworn,橡誓者
Obern's Bastion,歐伯恩的壁壘
Obliterator Bow,毀滅者之弓
Obsidian Dagger,黑曜石匕首
Obsidian Greatsword,黑曜石巨劍
Occultist Mantle,秘術披肩
Oil Barrage,黏油轟擊
Oil Grenade,燃油擲彈
Oiled Jacket,上油外衣
Olroth's Resolve,奧爾羅斯的決心
Olrovasara,歐洛瓦沙拉
Omen Crest Shield,預兆紋章盾
Omen of Dextral Alchemy,右旋煉金之兆
Omen of Dextral Coronation,右旋加冕之兆
Omen of Greater Annulment,大幅廢止之兆
Omen of Recombination,重組之兆
Omen of Sinistral Alchemy,左旋煉金之兆
Omen of Sinistral Coronation,左旋加冕之兆
Omen Sceptre,徵兆權杖
Ominous Gloves,惡兆手套
Oneiric Ring,夢境之戒
Opening Move,先聲奪人
Opportunity,契機
Opulent Gloves,奢靡手套
Orb of Storms,風暴漩渦
Order Artifact,秩序文物
Orichalcum Spear,山銅長矛
Original Sin,原罪
Ornate Belt,華麗腰帶
Ornate Buckler,華麗輕盾
Ornate Cuffs,華麗腕帶
Ornate Gauntlets,華麗護手
Ornate Greaves,華麗脛甲
Ornate Mitts,華麗長手套
Ornate Plate,華麗鎧甲
Ornate Ringmail,華麗環甲
Outmaneuver,出奇制勝
Overabundance I,過剩 I
Overabundance II,過剩 II
Overcharge,強化聚能
Overextend,過分擴張
Overreach,無遠弗屆
Overseer Tablet,總督碑牌
Overwhelming Presence,壓倒性的存在
Padded Leggings,襯墊護腿
Pain Offering,劇痛獻祭
Painted Buckler,彩繪輕盾
Painted Crest Shield,彩繪紋章盾
Painted Crossbow,彩繪十字弓
Painted Tower Shield,彩繪塔盾
Painter's Servant,畫家的侍從
Palm of the Dreamer,幻夢者之掌
Panther Idol,花豹魔偶
Paragon Greathelm,楷模巨盔
Paralysing Staff,麻木長杖
Pariah Mask,輕蔑之面
Pariah's Embrace,草民之擁
Parrying Dagger,格擋匕首
Patchwork Vest,拼湊背心
Pathfinder Coat,追獵者外套
Pauascale Gloves,海靈鱗手套
Payload,承載
Pearl Buckler,珍珠輕盾
Pearl Ring,珍珠戒指
Pearlescent Amulet,珠光項鍊
Pelage Targe,毛皮圓盾
Pelt Leggings,堅皮護腿
Pelt Mantle,堅皮披肩
Penetrating Quiver,穿透箭袋
Penumbra Amulet,半影項鍊
Penumbra Ring,半影戒指
Perandus Seal,普蘭德斯之印
Perching Staff,棲羽長杖
Perfect Strike,完美打擊
Perfected Endurance,絕對堅毅
Perfection,完美無瑕
Perfidy,背信忘義
Periphery,邊陲
Permafrost Bolts,永凍弩箭
Permafrost Staff,永凍長杖
Perpetual Charge,永恆充能
Persistent Ground I,持續地面 I
Persistent Ground II,持續地面 II
Persistent Ground III,持續地面 III
Physical Mastery,物理專精
Pierce I,穿透 I
Pierce II,穿透 II
Pierce III,穿透 III
Piercing Crossbow,穿刺十字弓
Pilgrim Vestments,朝聖者法衣
Pillar of the Caged God,囚神杵
Pin I,釘身 I
Pin II,釘身 II
Pin III,釘身 III
Pinpoint Critical,精確暴擊
Plague Bearer,病疫之難
Plaguefinger,瘟疫之指
Plasma Blast,電漿強擊矢
Plate Belt,板甲腰帶
Plate Gauntlets,鎧甲護手
Plated Buckler,鋼板輕盾
Plated Greaves,鎧甲脛甲
Plated Mace,華麗之錘
Plated Mitts,鎧甲長手套
Plated Raiment,鎧甲之衣
Plated Vestments,鎧甲法衣
Plumed Focus,羽飾法器
Pointed Maul,尖銳重錘
Poison I,中毒 I
Poison II,中毒 II
Poison III,中毒 III
Poison Spores,劇毒孢子
Poisonburst Arrow,毒爆箭矢
Polcirkeln,極圈
Polished Bracers,亮澤護腕
Polished Targe,拋光圓盾
Portent Amulet,惡兆護身符
Potent Exposure,強力曝曬
Potential,潛力
Pounce,猛撲
Powered by Verisium,維里西姆強化
Powertread,動力圖樣
Practical Magic I,實用魔法 I
Practical Magic II,實用魔法 II
Practiced Combo,熟練連擊
Pragmatism,務實主義
Prayers for Rain,祈雨禱言
Precision I,精準 I
Precision II,精準 II
Premeditation,預謀
Primal Markings,野性標記
Primal Strikes,原始打擊
Primal Talisman,原始魔符
Primed Quiver,灌注箭袋
Prism Guardian,元素的庇護
Prism of Belief,信仰棱鏡
Prismatic Ring,三相戒指
Prized Pain,珍貴苦痛
Profane Cleaver,粗劣砍斧
Profane Ritual,瀆神祭祀
Profanity I,褻瀆 I
Profanity II,褻瀆 II
Projectile Acceleration I,投射物加速 I
Projectile Acceleration II,投射物加速 II
Projectile Acceleration III,投射物加速 III
Projectile Deceleration I,投射物減速 I
Projectile Deceleration II,投射物減速 II
Prolonged Duration I,延長持續時間 I
Prolonged Duration II,延長持續時間 II
Pronged Spear,尖叉長矛
Protector Bow,保衛者之弓
Punch Through,透勁拳
Pursuit I,追擊 I
Pursuit II,追擊 II
Pursuit III,追擊 III
Pyrophyte Staff,炎植長杖
Quartered Crest Shield,四分紋章盾
Quatl's Molt,夸特之帶
Quecholli,重擊之錘
Queen of the Forest,森林之后
Quickslip Shoes,速行輕鞋
Quill Burst,驟羽爆發
Quill Rain,驟雨之弦
Quilted Vest,襯墊背心
Rabid Talisman,狂暴魔符
Radiant Grief,聖光哀痛
Rage I,盛怒 I
Rage II,盛怒 II
Rage III,盛怒 III
Rageforged I,盛怒鍛造 I
Rageforged II,盛怒鍛造 II
Raging Cry,憤怒戰吼
Raging Spirits,憤怒狂靈
Raider Plate,俠客鎧甲
Rain of Arrows,箭雨
Rain of Blades,刀刃之雨
Raise Zombie,殭屍復甦
Rake,陰爪
Rally,集結
Rambler Jacket,漫步者外衣
Rampage,暴怒
Rampart Raptor,壁壘猛禽
Rampart Tower Shield,壁壘塔盾
Rapid Assault,極速進攻
Rapid Attacks I,疾速攻擊 I
Rapid Attacks II,疾速攻擊 II
Rapid Attacks III,疾速攻擊 III
Rapid Casting I,疾速施法 I
Rapid Casting II,疾速施法 II
Rapid Casting III,疾速施法 III
Rapid Shot,疾射
Rathpith Globe,獻祭之心
Rattling Sceptre,雜響權杖
Raven's Reflection,渡鴉的鏡像
Ravenous Staff,貪婪長杖
Ravenous Swarm,貪婪蟲群
Rawhide Belt,生皮腰帶
Rawhide Boots,生皮長靴
Razor Quarterstaff,剃刃細杖
Reaching Quarterstaff,延伸細杖
Reaper's Invocation,收割者的祈願
Reaping Staff,死神長杖
Rearguard,寒鋒之衛
Rearm I,重新佈署 I
Rearm II,重新佈署 II
Reaver Glaive,收割者長柄刀
Recurve Bow,反曲弓
Redbeak,赤紅短刃
Redblade Banner,紅刃旗幟
Redemption,救贖
Redflare Conduit,紅焰導體
Reefsteel Greaves,礁鋼脛甲
Refined Bracers,精製護腕
Refined Breach Ring,精製裂痕戒指
Reflecting Staff,映像長杖
Refraction I,折射 I
Refraction II,折射 II
Refraction III,折射 III
Refutation,駁斥
Regalia Longsword,王權長劍
Reinforced Totems I,強化圖騰 I
Reinforced Totems II,強化圖騰 II
Remnant Potency I,痕跡強度 I
Remnant Potency II,痕跡強度 II
Remnant Potency III,痕跡強度 III
Remnants of Kalguur,卡爾葛之痕
Rending Apex,撕裂頂點
Rending Halberd,撕扯斧槍
Repulsion,排斥
Resonating Shield,共鳴之盾
Retaliate I,報復 I
Retaliate II,報復 II
Retreat I,撤退 I
Retreat II,撤退 II
Retreat III,撤退 III
Reverberate,回響
Revered Resin,崇敬樹脂
Revered Vestments,尊敬法衣
Reverie,綺夢
Rhoa Mount,恐喙鳥坐騎
Rhoahide Coat,恐喙鳥皮外套
Ricochet I,彈射 I
Ricochet II,彈射 II
Ricochet III,彈射 III
Rider Bow,騎士之弓
Ridged Buckler,脊狀輕盾
Riding Coat,騎乘外套
Rime,霧淞
Ring Flail,圓環鏈錘
Ring Mail,鐵環鎖甲
Ringed Buckler,環紋輕盾
Ringmail Gauntlets,環鎖護手
Rip,撕毀
Rippled Greatsword,波紋巨劍
Rise of the Phoenix,烈炎之翼
Rising Tempest,崛起風暴
Rite of Passage,儀式通道
Ritual Tablet,祭祀碑牌
Ritualistic Curse,儀式詛咒
River Raiment,河流之衣
Riveted Mitts,鉚接長手套
Roaring Staff,咆哮長杖
Robust Crossbow,強健十字弓
Rogue Armour,盜賊護甲
Rogue's Marker,盜賊之印
Rolling Magma,熔岩翻騰
Rolling Slam,翻騰重擊
Rondel de Ezo,隆德爾．德．艾佐
Rondel of Fragility,弱化圓飾
Rope Cuffs,繩索腕帶
Rotted Hood,破爛兜帽
Rough Greaves,粗糙脛甲
Royal Tower Shield,皇族塔盾
Ruby,紅寶石
Ruby Charm,紅玉護符
Ruby Ring,紅玉戒指
Rugged Cuirass,堅實胸甲
Ruination Maul,毀滅重錘
Runed Focus,符文法器
Runeforged Adherent Cuffs,符鍛追隨者腕帶
Runeforged Adherent's Raiment,符鍛信徒之衣
Runeforged Adorned Wraps,符鍛裝飾裹手
Runeforged Aged Cuffs,符鍛陳舊腕帶
Runeforged Altar Robe,符鍛祭壇長袍
Runeforged Ancestor Tower Shield,符鍛先祖塔盾
Runeforged Ancestral Mail,符鍛先祖鎖甲
Runeforged Ancestral Tiara,符鍛先祖頭冠
Runeforged Anchorite Garb,符鍛隱者裝束
Runeforged Ancient Buckler,符鍛遠古輕盾
Runeforged Ancient Cuffs,符鍛遠古腕帶
Runeforged Ancient Mitts,符鍛遠古長手套
Runeforged Antler Focus,符鍛靈鹿法器
Runeforged Apostle Leggings,符鍛使徒護腿
Runeforged Arrayed Focus,符鍛陣列法器
Runeforged Ascetic Garb,符鍛苦行者裝束
Runeforged Austere Garb,符鍛樸素裝束
Runeforged Avian Mask,符鍛飛羽之面
Runeforged Avian Targe,符鍛飛羽圓盾
Runeforged Barbed Bracers,符鍛鉤刺護腕
Runeforged Barbed Spear,符鍛鉤刺長矛
Runeforged Baroque Gloves,符鍛巴洛克手套
Runeforged Baroque Targe,符鍛巴洛克圓盾
Runeforged Barricade Tower Shield,符鍛障壁塔盾
Runeforged Bastion Sabatons,符鍛堅堡鎧靴
Runeforged Beaded Circlet,符鍛串珠頭環
Runeforged Blacksteel Gauntlets,符鍛烏鐵護手
Runeforged Blacksteel Sabatons,符鍛烏鋼鎧靴
Runeforged Bladeguard Buckler,符鍛刃衛輕盾
Runeforged Blades,符煉刀刃
Runeforged Blazon Crest Shield,符鍛家徽紋章盾
Runeforged Bolstered Mitts,符鍛加固長手套
Runeforged Bone Raiment,符鍛骸骨之衣
Runeforged Bound Bracers,符鍛緊縛護腕
Runeforged Bound Cuffs,符鍛綑綁腕帶
Runeforged Bound Sandals,符鍛綑綁便鞋
Runeforged Braced Sabatons,符鍛加固鎧靴
Runeforged Braced Tower Shield,符鍛加固塔盾
Runeforged Brigand Mask,符鍛強盜之面
Runeforged Brimmed Helm,符鍛邊緣之盔
Runeforged Bronze Greaves,符鍛青銅脛甲
Runeforged Buckled Wraps,符鍛帶扣裹手
Runeforged Bulwark Greaves,符鍛壁壘脛甲
Runeforged Bulwark Tower Shield,符鍛守護塔盾
Runeforged Cabalist Helm,符鍛秘術師之盔
Runeforged Carved Greaves,符鍛雕刻脛甲
Runeforged Carved Targe,符鍛雕刻圓盾
Runeforged Cavalry Boots,符鍛騎兵長靴
Runeforged Ceremonial Robe,符鍛儀式長袍
Runeforged Chain Mail,符鍛鎖鍊鎖甲
Runeforged Chain Tiara,符鍛鎖鍊頭冠
Runeforged Champion Cuirass,符鍛冠軍胸甲
Runeforged Champion Helm,符鍛勇士之盔
Runeforged Changeling Talisman,符鍛變形魔符
Runeforged Charmed Shoes,符鍛護符輕鞋
Runeforged Chieftain Cuirass,符鍛酋長胸甲
Runeforged Chiseled Targe,符鍛鑿刻圓盾
Runeforged Cinched Boots,符鍛繫帶長靴
Runeforged Cleric Vestments,符鍛教士法衣
Runeforged Cloaked Mail,符鍛斗篷鎖甲
Runeforged Closed Helm,符鍛緊閉之盔
Runeforged Commander Gauntlets,符鍛指揮官護手
Runeforged Commander Greathelm,符鍛指揮官巨盔
Runeforged Composite Bow,符鍛合成弓
Runeforged Conjurer Mantle,符鍛巫術師披肩
Runeforged Conqueror Plate,符鍛征服者鎧甲
Runeforged Corsair Cap,符鍛海盜便帽
Runeforged Corsair Coat,符鍛海盜外套
Runeforged Corsair Vest,符鍛海盜背心
Runeforged Covered Sabatons,符鍛遮蓋鎧靴
Runeforged Cowled Helm,符鍛斗篷之盔
Runeforged Crescent Quarterstaff,符鍛新月細杖
Runeforged Crescent Targe,符鍛新月圓盾
Runeforged Crucible Tower Shield,符鍛磨煉塔盾
Runeforged Crude Bow,符鍛粗製弓
Runeforged Crumbling Maul,符鍛崩毀重錘
Runeforged Cryptic Crown,符鍛隱祕之冠
Runeforged Cryptic Helm,符鍛隱秘之盔
Runeforged Cryptic Leggings,符鍛隱祕護腿
Runeforged Crystal Focus,符鍛水晶法器
Runeforged Cultist Crown,符鍛教徒之冠
Runeforged Cultist Focus,符鍛教徒法器
Runeforged Cultist Gauntlets,符鍛教徒護手
Runeforged Cultist Greathammer,符鍛教徒巨錘
Runeforged Daggerfoot Shoes,符鍛捷足輕鞋
Runeforged Dastard Armour,符鍛惡徒護甲
Runeforged Death Mail,符鍛死亡鎖甲
Runeforged Death Mantle,符鍛死亡披肩
Runeforged Deerstalker Hood,符鍛獵鹿者之兜
Runeforged Dekharan Crest Shield,符鍛部下紋章盾
Runeforged Desert Cap,符鍛沙漠便帽
Runeforged Detailed Mitts,符鍛精細長手套
Runeforged Divine Crown,符鍛神聖之冠
Runeforged Doubled Gauntlets,符鍛雙層護手
Runeforged Dragonscale Boots,符鍛龍鱗長靴
Runeforged Drakeskin Boots,符鍛龍膚長靴
Runeforged Druidic Crown,符鍛德魯伊之冠
Runeforged Druidic Focus,符鍛德魯伊法器
Runeforged Dualstring Bow,符鍛雙弦弓
Runeforged Dunerunner Sandals,符鍛沙丘行者便鞋
Runeforged Dyad Crossbow,符鍛雙生十字弓
Runeforged Edged Buckler,符鍛刃緣輕盾
Runeforged Effigial Tower Shield,符鍛靈像塔盾
Runeforged Elegant Greathelm,符鍛優雅巨盔
Runeforged Elegant Greaves,符鍛優雅脛甲
Runeforged Elegant Plate,符鍛優雅鎧甲
Runeforged Elegant Slippers,符鍛優雅便鞋
Runeforged Elegant Wraps,符鍛優雅裹手
Runeforged Elementalist Robe,符鍛元素使長袍
Runeforged Elite Greathelm,符鍛菁英巨盔
Runeforged Emblem Crest Shield,符鍛徽印紋章盾
Runeforged Embossed Boots,符鍛浮雕長靴
Runeforged Engraved Focus,符鍛紋刻法器
Runeforged Explorer Armour,符鍛探索者護甲
Runeforged Face Mask,符鍛護臉之面
Runeforged Faithful Leggings,符鍛信仰護腿
Runeforged Falconer's Jacket,符鍛訓鷹者外衣
Runeforged Familial Talisman,符鍛家族魔符
Runeforged Faridun Mask,符鍛法里登之面
Runeforged Feathered Mitts,符鍛羽毛長手套
Runeforged Feathered Raiment,符鍛羽絨之衣
Runeforged Feathered Robe,符鍛羽毛長袍
Runeforged Feathered Sandals,符鍛羽毛便鞋
Runeforged Feathered Targe,符鍛羽毛圓盾
Runeforged Feathered Tiara,符鍛羽毛頭冠
Runeforged Felled Greatclub,符鍛墮落巨棍棒
Runeforged Felt Cap,符鍛毛氈便帽
Runeforged Fierce Greathelm,符鍛兇猛巨盔
Runeforged Fine Bracers,符鍛精良護腕
Runeforged Firm Bracers,符鍛穩固護腕
Runeforged Flared Boots,符鍛閃耀長靴
Runeforged Flax Sandals,符鍛亞麻便鞋
Runeforged Flowing Raiment,符鍛奔流之衣
Runeforged Forge Maul,符鍛鍛造重錘
Runeforged Forked Spear,符鍛叉狀長矛
Runeforged Fortress Sabatons,符鍛要塞鎧靴
Runeforged Fortress Tower Shield,符鍛要塞塔盾
Runeforged Frayed Shoes,符鍛磨損輕鞋
Runeforged Freebooter Cap,符鍛符鍛劫掠者便帽
Runeforged Full Plate,符鍛連身鎧甲
Runeforged Fur Plate,符鍛毛皮鎧甲
Runeforged Garment,符鍛服裝
Runeforged Gauze Wraps,符鍛紗布裹手
Runeforged Gladiatorial Helm,符鍛衛士之盔
Runeforged Gleaming Cuffs,符鍛輝光腕帶
Runeforged Glowering Crest Shield,符鍛怒視紋章盾
Runeforged Gold Circlet,符鍛黃金頭環
Runeforged Gold Gloves,符鍛黃金手套
Runeforged Goldcast Cuffs,符鍛金鑄腕帶
Runeforged Golden Mail,符鍛耀金鎖甲
Runeforged Goldworked Tower Shield,符鍛黃金塔盾
Runeforged Gothic Quarterstaff,符鍛歌德細杖
Runeforged Grand Bracers,符鍛宏偉護腕
Runeforged Grim Gloves,符鍛冷酷手套
Runeforged Grinning Mask,符鍛獰笑之面
Runeforged Guarded Helm,符鍛警惕之盔
Runeforged Gutspike Buckler,符鍛挑腸輕盾
Runeforged Hallowed Crown,符鍛聖潔之冠
Runeforged Hallowed Focus,符鍛聖潔法器
Runeforged Hardwood Spear,符鍛硬木長矛
Runeforged Hardwood Targe,符鍛硬木圓盾
Runeforged Hatungo Garb,符鍛靈語者裝束
Runeforged Hawker's Jacket,符鍛飼鷹者外衣
Runeforged Heartcarver Mantle,符鍛雕心者披肩
Runeforged Heavy Crown,符鍛沉重之冠
Runeforged Heavy Plate,符鍛重型鎧甲
Runeforged Heraldric Tower Shield,符鍛紋章塔盾
Runeforged Hermit Garb,符鍛隱士裝束
Runeforged Hewn Mask,符鍛粗製之面
Runeforged Hexer's Robe,符鍛咒術師長袍
Runeforged Hooded Mask,符鍛風帽之面
Runeforged Horned Crown,符鍛犄角之冠
Runeforged Hunter Hood,符鍛獵者之兜
Runeforged Hunting Shoes,符鍛狩獵輕鞋
Runeforged Hunting Spear,符鍛狩獵長矛
Runeforged Imperial Greathelm,符鍛帝國巨盔
Runeforged Inquisitor Crown,符鍛判官之冠
Runeforged Intricate Crest Shield,符鍛錯綜紋章盾
Runeforged Intricate Gloves,符鍛精妙手套
Runeforged Iron Buckler,符鍛鍛鐵輕盾
Runeforged Iron Crown,符鍛鍛鐵之冠
Runeforged Iron Cuirass,符鍛鍛鐵胸甲
Runeforged Iron Greaves,符鍛鐵鍛脛甲
Runeforged Ironclad Vestments,符鍛鐵甲法衣
Runeforged Ironhead Spear,符鍛鐵木長矛
Runeforged Itinerant Jacket,符鍛遊歷者外衣
Runeforged Jade Tiara,符鍛翠玉頭冠
Runeforged Jewelled Gloves,符鍛寶石手套
Runeforged Jingling Buckler,符鍛響聲輕盾
Runeforged Jingling Crest Shield,符鍛響聲紋章盾
Runeforged Juggernaut Plate,符鍛勇士鎧甲
Runeforged Jungle Tiara,符鍛叢林頭冠
Runeforged Kalguuran Cuffs,符鍛卡爾葛腕帶
Runeforged Kalguuran Forgehammer,符鍛卡爾葛鍛造錘
Runeforged Kamasan Tiara,符鍛卡瑪薩頭冠
Runeforged Keth Raiment,符鍛凱斯之衣
Runeforged Knight Armour,符鍛騎士護甲
Runeforged Knightly Mitts,符鍛騎士長手套
Runeforged Lace Hood,符鍛綁帶兜帽
Runeforged Laced Boots,符鍛飾帶長靴
Runeforged Laminate Buckler,符鍛層壓輕盾
Runeforged Lattice Sandals,符鍛格子便鞋
Runeforged Layered Gauntlets,符鍛層板護手
Runeforged Layered Vest,符鍛分層背心
Runeforged Leaden Greathammer,符鍛麻木巨錘
Runeforged Leather Buckler,符鍛皮革輕盾
Runeforged Leather Vest,符鍛皮革背心
Runeforged Leatherbound Hood,符鍛皮革兜帽
Runeforged Leyline Focus,符鍛地脈法器
Runeforged Linen Wraps,符鍛麻布裹手
Runeforged Lizardscale Boots,符鍛蜥蜴鱗長靴
Runeforged Lizardscale Coat,符鍛蜥蜴鱗外套
Runeforged Long Quarterstaff,符鍛加長細杖
Runeforged Luxurious Slippers,符鍛奢華便鞋
Runeforged Mail Sabatons,符鍛鎖甲鎧靴
Runeforged Mail Vestments,符鍛鎖甲法衣
Runeforged Makeshift Crossbow,符鍛臨時十字弓
Runeforged Mammoth Targe,符鍛猛獁圓盾
Runeforged Mantled Mail,符鍛披風鎖甲
Runeforged Marabout Garb,符鍛修士裝束
Runeforged Maraketh Cuirass,符鍛馬拉克斯胸甲
Runeforged Marching Mace,符鍛行軍之錘
Runeforged Martyr Crown,符鍛殉難之冠
Runeforged Masked Greathelm,符鍛假面巨盔
Runeforged Massive Mitts,符鍛巨型長手套
Runeforged Morning Star,符鍛晨星
Runeforged Moulded Mitts,符鍛鑄模長手套
Runeforged Mystic Raiment,符鍛神秘之衣
Runeforged Nettle Talisman,符鍛蕁麻魔符
Runeforged Noble Greathelm,符鍛高貴巨盔
Runeforged Noble Sabatons,符鍛高貴鎧靴
Runeforged Noble Tower Shield,符鍛高貴塔盾
Runeforged Oak Greathammer,符鍛橡木巨錘
Runeforged Occultist Mantle,符鍛秘術披肩
Runeforged Omen Crest Shield,符鍛預兆紋章盾
Runeforged Opulent Gloves,符鍛奢靡手套
Runeforged Ornate Buckler,符鍛華麗輕盾
Runeforged Ornate Cuffs,符鍛華麗腕帶
Runeforged Ornate Greaves,符鍛華麗脛甲
Runeforged Ornate Mitts,符鍛華麗長手套
Runeforged Ornate Plate,符鍛華麗鎧甲
Runeforged Padded Leggings,符鍛襯墊護腿
Runeforged Painted Tower Shield,符鍛彩繪塔盾
Runeforged Paragon Greathelm,符鍛楷模巨盔
Runeforged Pariah Mask,符鍛輕蔑之面
Runeforged Pathfinder Coat,符鍛追獵者外套
Runeforged Pauascale Gloves,符鍛海靈鱗手套
Runeforged Pearl Buckler,符鍛珍珠輕盾
Runeforged Pelage Targe,符鍛毛皮圓盾
Runeforged Pelt Leggings,符鍛堅皮護腿
Runeforged Pelt Mantle,符鍛堅皮披肩
Runeforged Pilgrim Vestments,符鍛朝聖者法衣
Runeforged Plate Gauntlets,符鍛鎧甲護手
Runeforged Plated Buckler,符鍛鋼板輕盾
Runeforged Plated Vestments,符鍛鎧甲法衣
Runeforged Plumed Focus,符鍛羽飾法器
Runeforged Pointed Maul,符鍛尖銳重錘
Runeforged Polished Bracers,符鍛亮澤護腕
Runeforged Polished Targe,符鍛拋光圓盾
Runeforged Quartered Crest Shield,符鍛四分紋章盾
Runeforged Quickslip Shoes,符鍛速行輕鞋
Runeforged Quilted Vest,符鍛襯墊背心
Runeforged Raider Plate,符鍛俠客鎧甲
Runeforged Rambler Jacket,符鍛漫步者外衣
Runeforged Rampart Tower Shield,符鍛壁壘塔盾
Runeforged Rawhide Boots,符鍛生皮長靴
Runeforged Recurve Bow,符鍛反曲弓
Runeforged Reefsteel Greaves,符鍛礁鋼脛甲
Runeforged Refined Bracers,符鍛精製護腕
Runeforged Rhoahide Coat,符鍛恐喙鳥皮外套
Runeforged Ridged Buckler,符鍛脊狀輕盾
Runeforged Ringed Buckler,符鍛環紋輕盾
Runeforged Ringmail Gauntlets,符鍛環鎖護手
Runeforged River Raiment,符鍛河流之衣
Runeforged Riveted Mitts,符鍛鉚接長手套
Runeforged Rogue Armour,符鍛盜賊護甲
Runeforged Rope Cuffs,符鍛繩索腕帶
Runeforged Rough Greaves,符鍛粗糙脛甲
Runeforged Royal Tower Shield,符鍛皇族塔盾
Runeforged Runed Focus,符鍛符文法器
Runeforged Runner Vest,符鍛奔走者背心
Runeforged Rusted Cuirass,符鍛生鏽胸甲
Runeforged Rusted Greathelm,符鍛鏽蝕巨盔
Runeforged Sacramental Robe,符鍛聖禮長袍
Runeforged Sacred Focus,符鍛神聖法器
Runeforged Sacrificial Mantle,符鍛獻祭披肩
Runeforged Sacrificial Regalia,符鍛獻祭法衣
Runeforged Saintly Crown,符鍛聖徒之冠
Runeforged Sandsworn Sandals,符鍛沙誓便鞋
Runeforged Sandsworn Tiara,符鍛沙誓頭冠
Runeforged Scale Mail,符鍛鱗片鎖甲
Runeforged Scalper's Jacket,符鍛投機者外衣
Runeforged Scoundrel Jacket,符鍛流氓外衣
Runeforged Scout's Vest,符鍛斥侯背心
Runeforged Seastorm Mantle,符鍛海洋風暴披肩
Runeforged Sectarian Crest Shield,符鍛宗派紋章盾
Runeforged Sectioned Bracers,符鍛分段護腕
Runeforged Secured Leggings,符鍛牢固護腿
Runeforged Secured Wraps,符鍛牢固裹手
Runeforged Seer Crest Shield,符鍛先知紋章盾
Runeforged Sekhema Sandals,符鍛絲克瑪便鞋
Runeforged Sekheman Crest Shield,符鍛絲克瑪紋章盾
Runeforged Serpentscale Boots,符鍛蛇鱗長靴
Runeforged Serpentscale Coat,符鍛蛇鱗外套
Runeforged Shabby Hood,符鍛破舊兜帽
Runeforged Shaman Mantle,符鍛薩滿披肩
Runeforged Shamanistic Leggings,符鍛薩滿護腿
Runeforged Shielded Helm,符鍛庇護之盔
Runeforged Shortbow,符鍛短弓
Runeforged Shrouded Mail,符鍛遮蔽鎖甲
Runeforged Shrouded Vest,符鍛籠罩背心
Runeforged Sigil Crest Shield,符鍛符印紋章盾
Runeforged Silk Robe,符鍛絲質之袍
Runeforged Silk Slippers,符鍛絲綢便鞋
Runeforged Sirenscale Gloves,符鍛海妖鱗手套
Runeforged Skycrown Tiara,符鍛天冠頭冠
Runeforged Sleek Jacket,符鍛光滑外衣
Runeforged Slim Mace,符鍛纖細之錘
Runeforged Slipstrike Vest,符鍛快速打擊背心
Runeforged Smuggler Coat,符鍛走私者外套
Runeforged Soaring Mask,符鍛翱翔之面
Runeforged Soldier Cuirass,符鍛士兵胸甲
Runeforged Soldier Greathelm,符鍛士兵巨盔
Runeforged Solid Mask,符鍛堅固之面
Runeforged Sombre Gloves,符鍛暗淡手套
Runeforged Sorcerous Tiara,符鍛巫術頭冠
Runeforged Spiked Bracers,符鍛尖刺護腕
Runeforged Spiked Buckler,符鍛尖刺輕盾
Runeforged Spiked Club,符鍛鈍釘木棒
Runeforged Spikeward Buckler,符鍛尖衛輕盾
Runeforged Spined Bracers,符鍛棘刺護腕
Runeforged Spiral Wraps,符鍛盤繞裹手
Runeforged Spired Greathelm,符鍛尖頂巨盔
Runeforged Spiritbone Crown,符鍛魂骨之冠
Runeforged Splintered Tower Shield,符鍛朽木塔盾
Runeforged Stacked Sabatons,符鍛疊層鎧靴
Runeforged Stalking Bracers,符鍛潛獵護腕
Runeforged Steel Plate,符鍛堅鋼鎧甲
Runeforged Steelmail Gauntlets,符鍛鋼鎖護手
Runeforged Steelpoint Quarterstaff,符鍛鋼尖細杖
Runeforged Steelpoint Shoes,符鍛鋼尖輕鞋
Runeforged Steeltoe Boots,符鍛鐵趾長靴
Runeforged Stitched Gloves,符鍛縫合手套
Runeforged Stocky Mitts,符鍛結實長手套
Runeforged Stone Cuirass,符鍛岩石胸甲
Runeforged Stone Greaves,符鍛岩石脛甲
Runeforged Stone Targe,符鍛岩石圓盾
Runeforged Stone Tower Shield,符鍛岩石塔盾
Runeforged Stratified Targe,符鍛分層圓盾
Runeforged Straw Sandals,符鍛乾草便鞋
Runeforged Studded Boots,符鍛鑲釘長靴
Runeforged Studded Greatclub,符鍛鑲釘巨棍棒
Runeforged Studded Targe,符鍛鑲釘圓盾
Runeforged Studded Vest,符鍛鑲釘背心
Runeforged Suede Bracers,符鍛麂皮護腕
Runeforged Swathed Cap,符鍛裹頭便帽
Runeforged Swiftstalker Coat,符鍛迅疾潛獵者外套
Runeforged Tasalian Focus,符鍛塔薩里奧法器
Runeforged Tasalian Greaves,符鍛塔薩里奧脛甲
Runeforged Tattered Robe,符鍛殘破長袍
Runeforged Tawhoan Tower Shield,符鍛塔赫亞塔盾
Runeforged Tempered Mitts,符鍛淬鍊長手套
Runeforged Temple Maul,符鍛神殿重錘
Runeforged Tense Crossbow,符鍛緊繃十字弓
Runeforged Thane Mail,符鍛領主鎖甲
Runeforged Threaded Shoes,符鍛縫紉輕鞋
Runeforged Tideseer Mantle,符鍛潮汐先知披肩
Runeforged Tonal Focus,符鍛音調法器
Runeforged Torn Gloves,符鍛撕裂手套
Runeforged Trailblazer Armour,符鍛開拓者護甲
Runeforged Trapper Hood,符鍛符鍛捕獵者之兜
Runeforged Treerunner Shoes,符鍛樹行者輕鞋
Runeforged Tribal Mask,符鍛部落之面
Runeforged Trimmed Greaves,符鍛鑲邊脛甲
Runeforged Twig Circlet,符鍛嫩枝頭環
Runeforged Twig Focus,符鍛枝條法器
Runeforged Utzaal Cuirass,符鍛奧札爾胸甲
Runeforged Vaal Crest Shield,符鍛瓦爾紋章盾
Runeforged Vaal Cuirass,符鍛瓦爾胸甲
Runeforged Vaal Gloves,符鍛瓦爾手套
Runeforged Vaal Greaves,符鍛瓦爾脛甲
Runeforged Vaal Mitts,符鍛瓦爾長手套
Runeforged Vaal Tower Shield,符鍛瓦爾塔盾
Runeforged Vaal Wraps,符鍛瓦爾裹手
Runeforged Vagabond Armour,符鍛流浪者護甲
Runeforged Veiled Mask,符鍛隱匿之面
Runeforged Vermeil Circlet,符鍛鍍金頭環
Runeforged Veteran Sabatons,符鍛老兵鎧靴
Runeforged Vicious Talisman,符鍛惡毒魔符
Runeforged Vile Robe,符鍛惡毒長袍
Runeforged Viper Cap,符鍛毒蛇便帽
Runeforged Visored Helm,符鍛假面之盔
Runeforged Voodoo Focus,符鍛巫毒法器
Runeforged Votive Raiment,符鍛還願之衣
Runeforged Wanderer Shoes,符鍛漫遊者輕鞋
Runeforged War Spear,符鍛戰爭長矛
Runeforged War Wraps,符鍛戰爭裹手
Runeforged Warded Helm,符鍛保衛之盔
Runeforged Warlock Leggings,符鍛術士護腿
Runeforged Warlord Cuirass,符鍛總督胸甲
Runeforged Warmonger Greathelm,符鍛狂戰者巨盔
Runeforged Warpick,符鍛戰鎬
Runeforged Warrior Greathelm,符鍛戰士巨盔
Runeforged Waxed Jacket,符鍛打蠟外衣
Runeforged Wayfarer Jacket,符鍛旅人外衣
Runeforged Wayward Crest Shield,符鍛剛愎紋章盾
Runeforged Weaver Leggings,符鍛編織者護腿
Runeforged Whorl Focus,符鍛螺旋法器
Runeforged Wicker Tiara,符鍛枝條頭冠
Runeforged Winged Spear,符鍛羽翅長矛
Runeforged Wolfskin Mantle,符鍛狼皮披肩
Runeforged Wooden Buckler,符鍛木頭輕盾
Runeforged Wooden Club,符鍛木製棍棒
Runeforged Woven Cap,符鍛編織便帽
Runeforged Woven Focus,符鍛編織法器
Runeforged Wrapped Cap,符鍛纏繞便帽
Runeforged Wrapped Greathelm,符鍛纏繞巨盔
Runeforged Wrapped Quarterstaff,符鍛纏繞細杖
Runeforged Wrapped Sandals,符鍛裹腳便鞋
Runeforged Wyrmscale Coat,符鍛龍鱗外套
Runeforged Zealot Bow,符鍛狂熱者之弓
Runeforged Zealot Gauntlets,符鍛狂熱護手
Runemastered Aberrant Sledge,符煉怪異攻城錘
Runemastered Aged Cuffs,符煉陳舊腕帶
Runemastered Altar Robe,符煉祭壇長袍
Runemastered Ancestral Mail,符煉先祖鎖甲
Runemastered Anchorite Garb,符煉隱者裝束
Runemastered Ancient Leggings,符煉遠古護腿
Runemastered Ancient Mail,符煉遠古鎖甲
Runemastered Antler Focus,符煉靈鹿法器
Runemastered Armoured Cap,符煉裝甲便帽
Runemastered Armoured Vest,符煉裝甲背心
Runemastered Array Buckler,符煉排列輕盾
Runemastered Assassin Garb,符煉刺客裝束
Runemastered Barricade Tower Shield,符煉障壁塔盾
Runemastered Beaded Circlet,符煉串珠頭環
Runemastered Blacksteel Tower Shield,符煉黑鋼塔盾
Runemastered Blazon Crest Shield,符煉家徽紋章盾
Runemastered Bolstered Mitts,符煉加固長手套
Runemastered Bone Raiment,符煉骸骨之衣
Runemastered Braced Sabatons,符煉加固鎧靴
Runemastered Braced Tower Shield,符煉加固塔盾
Runemastered Brimmed Helm,符煉邊緣之盔
Runemastered Bronze Greaves,符煉青銅脛甲
Runemastered Burnished Gauntlets,符煉拋光護手
Runemastered Chain Mail,符煉鎖鍊鎖甲
Runemastered Chain Tiara,符煉鎖鍊頭冠
Runemastered Cinched Boots,符煉繫帶長靴
Runemastered Cleric Vestments,符煉教士法衣
Runemastered Cloaked Mail,符煉斗篷鎖甲
Runemastered Corsair Cap,符煉海盜便帽
Runemastered Corvus Mantle,符煉烏鴉披肩
Runemastered Covered Sabatons,符煉遮蓋鎧靴
Runemastered Covert Hood,符煉隱蔽兜帽
Runemastered Cowled Helm,符煉斗篷之盔
Runemastered Crescent Targe,符煉新月圓盾
Runemastered Crucible Tower Shield,符煉磨煉塔盾
Runemastered Crystal Focus,符煉水晶法器
Runemastered Cultist Crown,符煉教徒之冠
Runemastered Death Mask,符煉死亡之面
Runemastered Decorated Helm,符煉裝飾之盔
Runemastered Doubled Gauntlets,符煉雙層護手
Runemastered Dyad Crossbow,符煉雙生十字弓
Runemastered Elementalist Robe,符煉元素使長袍
Runemastered Elite Greathelm,符煉菁英巨盔
Runemastered Emblem Crest Shield,符煉徽印紋章盾
Runemastered Embossed Boots,符煉浮雕長靴
Runemastered Embroidered Gloves,符煉刺繡手套
Runemastered Engraved Focus,符煉紋刻法器
Runemastered Enlightened Robe,符煉啟蒙長袍
Runemastered Explorer Armour,符煉探索者護甲
Runemastered Exquisite Vest,符煉精美背心
Runemastered Face Mask,符煉護臉之面
Runemastered Familial Talisman,符煉家族魔符
Runemastered Feathered Robe,符煉羽毛長袍
Runemastered Feathered Sandals,符煉羽毛便鞋
Runemastered Feathered Tiara,符煉羽毛頭冠
Runemastered Felled Greatclub,符煉墮落巨棍棒
Runemastered Felt Cap,符煉毛氈便帽
Runemastered Fierce Greathelm,符煉兇猛巨盔
Runemastered Fine Bracers,符煉精良護腕
Runemastered Firm Bracers,符煉穩固護腕
Runemastered Full Plate,符煉連身鎧甲
Runemastered Furtive Wraps,符煉隱秘裹手
Runemastered Gauze Wraps,符煉紗布裹手
Runemastered Gilded Vestments,符煉鍍金法衣
Runemastered Glacial Fortress,符煉冰川堡壘
Runemastered Gold Circlet,符煉黃金頭環
Runemastered Goldcast Cuffs,符煉金鑄腕帶
Runemastered Gothic Quarterstaff,符煉歌德細杖
Runemastered Grand Cuisses,符煉宏偉腿甲
Runemastered Grand Manchettes,符煉宏偉手鐲
Runemastered Grand Regalia,符煉宏偉華服
Runemastered Grand Visage,符煉宏偉面紗
Runemastered Guarded Helm,符煉警惕之盔
Runemastered Hardwood Targe,符煉硬木圓盾
Runemastered Havoc Raiment,符煉禍害之衣
Runemastered Heavy Belt,符煉重革腰帶
Runemastered Heavy Crown,符煉沉重之冠
Runemastered Heraldric Tower Shield,符煉紋章塔盾
Runemastered Hermit Garb,符煉隱士裝束
Runemastered Heroic Armour,符煉英雄護甲
Runemastered Hewn Mask,符煉粗製之面
Runemastered Hexer's Robe,符煉咒術師長袍
Runemastered Hooded Mask,符煉風帽之面
Runemastered Horned Crown,符煉犄角之冠
Runemastered Hunter Hood,符煉獵者之兜
Runemastered Hunting Shoes,符煉狩獵輕鞋
Runemastered Intricate Crest Shield,符煉錯綜紋章盾
Runemastered Intricate Gloves,符煉精妙手套
Runemastered Iron Buckler,符煉鍛鐵輕盾
Runemastered Iron Crown,符煉鍛鐵之冠
Runemastered Iron Cuirass,符煉鍛鐵胸甲
Runemastered Iron Greaves,符煉鐵鍛脛甲
Runemastered Ironclad Vestments,符煉鐵甲法衣
Runemastered Ironhead Spear,符煉鐵木長矛
Runemastered Jade Tiara,符煉翠玉頭冠
Runemastered Jewelled Gloves,符煉寶石手套
Runemastered Jingling Crest Shield,符煉響聲紋章盾
Runemastered Keth Raiment,符煉凱斯之衣
Runemastered Knight Armour,符煉騎士護甲
Runemastered Laced Boots,符煉飾帶長靴
Runemastered Lattice Sandals,符煉格子便鞋
Runemastered Layered Gauntlets,符煉層板護手
Runemastered Leather Buckler,符煉皮革輕盾
Runemastered Leather Vest,符煉皮革背心
Runemastered Leatherbound Hood,符煉皮革兜帽
Runemastered Linen Wraps,符煉麻布裹手
Runemastered Lizardscale Boots,符煉蜥蜴鱗長靴
Runemastered Long Quarterstaff,符煉加長細杖
Runemastered Magus Tiara,符煉瑪格思頭冠
Runemastered Mail Sabatons,符煉鎖甲鎧靴
Runemastered Mail Vestments,符煉鎖甲法衣
Runemastered Marabout Garb,符煉修士裝束
Runemastered Maraketh Cuirass,符煉馬拉克斯胸甲
Runemastered Martyr Crown,符煉殉難之冠
Runemastered Moulded Mitts,符煉鑄模長手套
Runemastered Nettle Talisman,符煉蕁麻魔符
Runemastered Oak Greathammer,符煉橡木巨錘
Runemastered Omen Crest Shield,符煉預兆紋章盾
Runemastered Ornate Buckler,符煉華麗輕盾
Runemastered Ornate Ringmail,符煉華貴環甲
Runemastered Painted Tower Shield,符煉彩繪塔盾
Runemastered Pathfinder Coat,符煉追獵者外套
Runemastered Pauascale Gloves,符煉海靈鱗手套
Runemastered Pilgrim Vestments,符煉朝聖者法衣
Runemastered Plate Gauntlets,符煉鎧甲護手
Runemastered Plated Buckler,符煉鋼板輕盾
Runemastered Plated Raiment,符煉鎧甲之衣
Runemastered Plumed Focus,符煉羽飾法器
Runemastered Primal Markings,符煉野性標記
Runemastered Quilted Vest,符煉襯墊背心
Runemastered Rampart Tower Shield,符煉壁壘塔盾
Runemastered Revered Vestments,符煉尊敬法衣
Runemastered Rhoahide Coat,符煉恐喙鳥皮外套
Runemastered Ridged Buckler,符煉脊狀輕盾
Runemastered Ringmail Gauntlets,符煉環鎖護手
Runemastered Riveted Mitts,符煉鉚接長手套
Runemastered Rogue Armour,符煉盜賊護甲
Runemastered Rope Cuffs,符煉繩索腕帶
Runemastered Rough Greaves,符煉粗糙脛甲
Runemastered Runic Fork,符煉符文尖叉
Runemastered Rusted Cuirass,符煉生鏽胸甲
Runemastered Rusted Greathelm,符煉鏽蝕巨盔
Runemastered Sacrificial Mantle,符煉獻祭披肩
Runemastered Sacrificial Regalia,符煉獻祭法衣
Runemastered Scale Mail,符煉鱗片鎖甲
Runemastered Scalper's Jacket,符煉投機者外衣
Runemastered Scout's Vest,符煉斥侯背心
Runemastered Sectioned Bracers,符煉分段護腕
Runemastered Secured Leggings,符煉牢固護腿
Runemastered Serpentscale Coat,符煉蛇鱗外套
Runemastered Shabby Hood,符煉破舊兜帽
Runemastered Shaman Mantle,符煉薩滿披肩
Runemastered Shielded Helm,符煉庇護之盔
Runemastered Shrouded Vest,符煉籠罩背心
Runemastered Sigil Crest Shield,符煉符印紋章盾
Runemastered Silk Robe,符煉絲質之袍
Runemastered Silk Slippers,符煉絲綢便鞋
Runemastered Smuggler Coat,符煉走私者外套
Runemastered Soldier Greathelm,符煉士兵巨盔
Runemastered Solid Mask,符煉堅固之面
Runemastered Sombre Gloves,符煉暗淡手套
Runemastered Spiked Buckler,符煉尖刺輕盾
Runemastered Spined Bracers,符煉棘刺護腕
Runemastered Spiral Wraps,符煉盤繞裹手
Runemastered Spired Greathelm,符煉尖頂巨盔
Runemastered Spiritbone Crown,符煉魂骨之冠
Runemastered Splintered Tower Shield,符煉朽木塔盾
Runemastered Stacked Sabatons,符煉疊層鎧靴
Runemastered Steel Plate,符煉堅鋼鎧甲
Runemastered Stitched Gloves,符煉縫合手套
Runemastered Stocky Mitts,符煉結實長手套
Runemastered Stone Greaves,符煉岩石脛甲
Runemastered Straw Sandals,符煉乾草便鞋
Runemastered Strider Vest,符煉疾行者背心
Runemastered Studded Greatclub,符煉鑲釘巨棍棒
Runemastered Studded Vest,符煉鑲釘背心
Runemastered Suede Bracers,符煉麂皮護腕
Runemastered Tattered Robe,符煉殘破長袍
Runemastered Tempered Mitts,符煉淬鍊長手套
Runemastered Tenebrous Crown,符煉黑暗之冠
Runemastered Tense Crossbow,符煉緊繃十字弓
Runemastered Threaded Shoes,符煉縫紉輕鞋
Runemastered Tideseer Mantle,符煉潮汐先知披肩
Runemastered Titan Mitts,符煉泰坦長手套
Runemastered Tonal Focus,符煉音調法器
Runemastered Torment Club,符煉磨難棍棒
Runemastered Torn Gloves,符煉撕裂手套
Runemastered Tribal Mask,符煉部落之面
Runemastered Trimmed Greaves,符煉鑲邊脛甲
Runemastered Twig Circlet,符煉嫩枝頭環
Runemastered Twig Focus,符煉枝條法器
Runemastered Utility Wraps,符煉實用裹手
Runemastered Vaal Cuirass,符煉瓦爾胸甲
Runemastered Vaal Tower Shield,符煉瓦爾塔盾
Runemastered Vagabond Armour,符煉流浪者護甲
Runemastered Veiled Mask,符煉隱匿之面
Runemastered Velour Shoes,符煉絲絨輕鞋
Runemastered Velvet Cap,符煉天鵝絨便帽
Runemastered Venerable Defender,符煉古老護衛盾
Runemastered Veridical Chain,符煉幻象鎖鏈
Runemastered Verisium Cuffs,符煉維里西姆腕帶
Runemastered Vermeil Circlet,符煉鍍金頭環
Runemastered Viper Cap,符煉毒蛇便帽
Runemastered Visored Helm,符煉假面之盔
Runemastered Voodoo Focus,符煉巫毒法器
Runemastered Votive Raiment,符煉還願之衣
Runemastered Warding Quarterstaff,符煉庇護細杖
Runemastered Warrior Greathelm,符煉戰士巨盔
Runemastered Waxed Jacket,符煉打蠟外衣
Runemastered Wayfarer Jacket,符煉旅人外衣
Runemastered Wicker Tiara,符煉枝條頭冠
Runemastered Wooden Buckler,符煉木頭輕盾
Runemastered Wooden Club,符煉木製棍棒
Runemastered Woven Focus,符煉編織法器
Runemastered Wrapped Greathelm,符煉纏繞巨盔
Runemastered Wrapped Sandals,符煉裹腳便鞋
Runeseeker's Call,符文探求者之喚
Runic Extraction,符文提取
Runic Fork,符文尖叉
Runic Infusion,符文灌注
Runic Reprieve,符文喘息
Runic Shortsword,符文短劍
Runner Vest,奔走者背心
Rupture,殘破
Rusted Cuirass,生鏽胸甲
Rusted Greathelm,鏽蝕巨盔
Rusted Spikes,銹蝕尖刺
Ruthless,殘暴
Ryslatha's Coil,瑞斯拉薩之纏
Sacral Quiver,聖禮箭袋
Sacramental Robe,聖禮長袍
Sacred Flame,神聖烈焰
Sacred Focus,神聖法器
Sacred Maul,神聖重錘
Sacrifice,獻祭
Sacrificial Axe,獻祭斧
Sacrificial Lamb I,獻祭羔羊 I
Sacrificial Lamb II,獻祭羔羊 II
Sacrificial Mantle,獻祭披肩
Sacrificial Offering,犧牲奉獻
Sacrificial Regalia,獻祭法衣
Sacrosanctum,神聖殿堂
Sadist's Mercy,殘虐者的慈悲
Saffell's Frame,薩費爾的智慧
Safrin's Resolve,薩弗林的決心
Saintly Crown,聖徒之冠
Saitha's Spear,賽塔的長矛
Salvo,齊射
Sanctified Staff,神化長杖
Sands of Silk,絲綢之沙
Sandstorm Visage,沙瀑面紗
Sandsworn Cuirass,沙誓胸甲
Sandsworn Sandals,沙誓便鞋
Sandsworn Tiara,沙誓頭冠
Sanguine Diviner,血色聖者
Sanguis Heroum,嗜血英雄
Sapphire,藍寶石
Sapphire Charm,藍玉護符
Sapphire Ring,藍玉戒指
Savage Fury,殘猛狂怒
Savage Greataxe,野蠻巨斧
Scale Mail,鱗片鎖甲
Scalper's Jacket,投機者外衣
Scavenged Plating,拾荒者護板
Scimitar,彎刀
Scold's Bridle,禁語
Scoundrel Armour,惡棍護甲
Scoundrel Jacket,流氓外衣
Scouring Flame,淨化烈焰
Scout's Vest,斥侯背心
Sculpted Suffering,雕刻苦難
Seaglass Spear,海玻璃長矛
Seal Relic,草紙聖物
Searing Flame I,燒灼烈焰 I
Searing Flame II,燒灼烈焰 II
Season of the Hunt,狩獵季節
Seastorm Mantle,海洋風暴披肩
Second Wind I,恢復 I
Second Wind II,恢復 II
Second Wind III,恢復 III
Sectarian Crest Shield,宗派紋章盾
Sectioned Bracers,分段護腕
Secured Leggings,牢固護腿
Secured Wraps,牢固裹手
See Red,赤紅目光
Seed of Cataclysm,浩劫種子
Seeing Stars,見證群星
Seer Crest Shield,先知紋章盾
Seismic Cry,裂地戰吼
Sekhema Sandals,絲克瑪便鞋
Sekheman Crest Shield,絲克瑪紋章盾
Selfless Remnants,無私痕跡
Serle's Grit,瑟雷的毅力
Serpent's Egg,毒蛇之卵
Serpent's Lesson,巨蛇教誨
Serpentscale Boots,蛇鱗長靴
Serpentscale Coat,蛇鱗外套
Serrated Quiver,鋸齒箭袋
Shabby Hood,破舊兜帽
Shackles of the Wretched,悲運之縛
Shaman Mantle,薩滿披肩
Shamanistic Leggings,薩滿護腿
Shankgonne,香克戈涅
Shard Scavenger,碎片清除者
Shattered Triskelion,破碎三曲
Shattering Palm,粉碎之掌
Shavronne's Satchel,薛朗的背包
Shield Charge,重盾衝鋒
Shield Wall,盾牆
Shielded Helm,庇護之盔
Shock,感電
Shock Conduction,感電傳導
Shock Conduction II,感電傳導II
Shock Siphon,電擊虹吸
Shockburst Rounds,震爆彈藥
Shockchain Arrow,電鍊箭矢
Shocking Leap,震擊之躍
Shockwave Totem,震波圖騰
Short Fuse I,易怒 I
Short Fuse II,易怒 II
Shortbow,短弓
Shortsword,短劍
Shrine Sceptre,神殿權杖
Shrouded Mail,遮蔽鎖甲
Shrouded Vest,籠罩背心
Shyaba,沙阿巴
Sickle Sword,鐮劍
Siege Ballista,攻城炮台
Siege Cascade,圍城爆發
Siege Crossbow,攻城十字弓
Sierran Inheritance,錫耶拉的遺產
Sigil Crest Shield,符印紋章盾
Silk Robe,絲質之袍
Silk Slippers,絲綢便鞋
Silks of Veneration,敬重絲綢
Silver Charm,白銀護符
Silverbuckled Shoes,銀扣輕鞋
Silverthorne,銀白索恩
Simple Dagger,簡易匕首
Sine Aequo,無與倫比
Sinew Belt,韌筋腰帶
Sinister Quarterstaff,邪惡細杖
Siphon Elements,虹吸元素
Siphoning Strike,虹吸打擊
Siphoning Wand,虹吸法杖
Sire of Shards,破碎傳承者
Sirenscale Gloves,海妖鱗手套
Skeletal Arsonist,骷髏縱火者
Skeletal Brute,骷髏巨獸
Skeletal Cleric,骷髏牧師
Skeletal Frost Mage,骷髏霜寒法師
Skeletal Reaver,骷髏掠奪者
Skeletal Sniper,骷髏狙擊手
Skeletal Storm Mage,骷髏風暴法師
Skin of the Loyal,忠誠之膚
Skinning Knife,剝皮刀
Skittering Stone I,飛掠之石 I
Skittering Stone II,飛掠之石 II
Skulking Mask,潛伏之面
Skullcrusher Quarterstaff,碎顱細杖
Skycrown Tiara,天冠頭冠
Skyfall,天墜
Skysliver,天銀
Sleek Boots,光滑長靴
Sleek Jacket,光滑外衣
Slender Flail,纖細鏈錘
Slicing Quarterstaff,斬割細杖
Slim Mace,纖細之錘
Slipstrike Vest,快速打擊背心
Slivertongue,裂舌
Slow Potency,緩速強度
Smithing Hammer,鍛造錘
Smooth Quarterstaff,平滑細杖
Smuggler Coat,走私者外套
Snakebite,蝮吻
Snakepit,蛇巢
Snakewood Greathammer,蛇木巨錘
Snakewood Shortbow,蛇木短弓
Snap,迸裂
Snipe,狙擊
Sniper's Mark,狙擊者印記
Soaring Mask,翱翔之面
Soaring Spear,展翼長矛
Soaring Targe,翱翔圓盾
Solar Amulet,日耀項鍊
Solar Orb,日耀球
Soldier Cuirass,士兵胸甲
Soldier Greathelm,士兵巨盔
Soldier Helm,士兵之盔
Soldiering Sabatons,軍旅鎧靴
Solemn Maul,莊嚴重錘
Solid Mask,堅固之面
Solus Ipse,唯我論
Sombre Gloves,暗淡手套
Sorcerous Tiara,巫術頭冠
Soul Drain,魂魄吸取
Soul Mantle,祖靈之約
Soul Offering,靈魂獻祭
Soul Tether,靈魂束縛
Spar,打擊練習
Spark,電球
Spear of Solaris,日耀長矛
Spearfield,長矛之錐
Spectral Volley,靈體齊射
Spell Cascade,秘能爆發輔助
Spell Echo,法術迴響
Spell Totem,法術圖騰輔助
Spiked Bracers,尖刺護腕
Spiked Buckler,尖刺輕盾
Spiked Club,鈍釘木棒
Spiked Spear,尖刺長矛
Spikeward Buckler,尖衛輕盾
Spined Bracers,棘刺護腕
Spiny Talisman,尖錐魔符
Spiral Volley,螺旋之弦
Spiral Wraps,盤繞裹手
Spire of Ire,怒火之塔
Spired Greathelm,尖頂巨盔
Spiritbone Crown,魂骨之冠
Spiteful Floret,決恨花簇
Splinter of Lorrata,蘿拉塔裂片
Splinter Totem I,殘片圖騰 I
Splinter Totem II,殘片圖騰 II
Splintered Flail,分裂鏈錘
Splintered Tower Shield,朽木塔盾
Splinterheart,裂心
Split Personality,人格分裂
Splitting Greataxe,分裂巨斧
Stacked Sabatons,疊層鎧靴
Staggering Palm,撼敵之掌
Staghorn Focus,鹿角法器
Stalking Belt,獵跡腰帶
Stalking Bracers,潛獵護腕
Stalking Spear,潛獵長矛
Stampede,踐踏
Starkonja's Head,斯塔空加之首
Static Shocks,靜電震盪
Staunching Charm,止血護符
Steadfast I,穩若泰山 I
Steadfast II,穩若泰山 II
Steel Plate,堅鋼鎧甲
Steelhead Spear,鋼尖長矛
Steelmail Gauntlets,鋼鎖護手
Steelpoint Quarterstaff,鋼尖細杖
Steelpoint Shoes,鋼尖輕鞋
Steeltoe Boots,鐵趾長靴
Stellar Amulet,恆星項鍊
Stitched Gloves,縫合手套
Stoat Idol,白鼬魔偶
Stocky Mitts,結實長手套
Stoic Sceptre,魔道權杖
Stoicism I,堅忍 I
Stoicism II,堅忍 II
Stomping Ground,重踏地面
Stone Charm,岩石護符
Stone Cuirass,岩石胸甲
Stone Flail,岩石鏈錘
Stone Greatsword,岩石巨劍
Stone Greaves,岩石脛甲
Stone of Lazhwar,拉茲瓦的靈石
Stone Targe,岩石圓盾
Stone Tower Shield,岩石塔盾
Storm Lance,風暴之槍
Storm Wave,風暴浪湧
Stormblast Bolts,雷暴彈藥
Stormcaller Arrow,風暴呼喚箭矢
Stormchain,風暴之鏈
Stormfire,烈風暴
Stout Crossbow,牢固十字弓
Stratified Targe,分層圓盾
Straw Sandals,乾草便鞋
Streamlined Rounds,子彈如流
Strider Vest,疾行者背心
Strife Pick,鬥爭鎬
Striking Quarterstaff,打擊細杖
Striking Spear,突擊長矛
Strong Hearted,不屈之心
Structured Hammer,建構之錘
Strugglescream,掙扎吶喊
Studded Boots,鑲釘長靴
Studded Greatclub,鑲釘巨棍棒
Studded Targe,鑲釘圓盾
Studded Vest,鑲釘背心
Stun I,暈眩 I
Stun II,暈眩 II
Stun III,暈眩 III
Sturdy Crossbow,堅固十字弓
Suede Bracers,麂皮護腕
Sun Artifact,豔陽文物
Sunder,大地震擊
Sunsplinter,烈日碎片
Supercharged Slam,超載重擊
Supercritical,超暴擊
Surefooted Sigil,穩健印記
Surge of the Tide,潮汐浪湧
Svalinn,史瓦林
Swathed Cap,裹頭便帽
Swift Affliction I,極速苦痛 I
Swift Affliction II,極速苦痛 II
Swift Affliction III,極速苦痛 III
Swift Bracers,迅疾護腕
Swift Spear,迅疾長矛
Swiftstalker Coat,迅疾潛獵者外套
Sword Spear,劍刃長矛
Sylvan's Effigy,林木塑像
Syzygy,朔望
Tabula Rasa,無盡之衣
Tame Beast,馴獸
Tangletongue,縛舌
Tapestry Relic,聖經聖物
Taryn's Shiver,塔林的顫慄之語
Tasalian Focus,塔薩里奧法器
Tasalian Greaves,塔薩里奧脛甲
Tattered Robe,殘破長袍
Taut Crossbow,緊繃十字弓
Tawhoan Greatclub,塔赫亞巨棍棒
Tawhoan Tower Shield,塔赫亞塔盾
Tear,撕裂
Tearing Flail,撕裂鏈錘
Tectonic Slams,震波猛擊
Tempered Mitts,淬鍊長手套
Tempest Bell,風暴之鐘
Tempest Flurry,暴風亂舞
Templar Vestments,聖騎士法衣
Temple Maul,神殿重錘
Temple Tablet,神廟碑牌
Temporal Chains,時空鎖鏈
Temporalis,時空之物
Tenebrous Amulet,黑暗項鍊
Tenebrous Crown,幽暗寶冠
Tenebrous Ring,黑暗戒指
Tense Crossbow,緊繃十字弓
Test of Cunning Barya,計謀的測試代幣
Test of Strength Barya,力量的測試代幣
Test of Time Barya,時間的測試代幣
Test of Will Barya,意志的測試代幣
Tetzlapokal's Desire,特沙波卡爾之慾
Thane Mail,領主鎖甲
Thawing Charm,解凍護符
The Adorned,朝氣之靈
The Anvil,信念之砧
The Auspex,觀鳥者
The Barrow Dweller,遺塚居民
The Black Cat,黑貓
The Black Doubt,黑色之疑
The Black Insignia,漆黑徽章
The Blood Thorn,血棘
The Brass Dome,堅銅戰罩
The Bringer of Rain,祭禮之雨
The Burden of Leadership,領袖的重擔
The Burden of Shadows,暗影重擔
The Burrower,掘地者
The Changing Seasons,流轉的季節
The Coming Calamity,災難臨頭
The Covenant,血誓
The Dancing Dervish,狂舞德爾維希
The Dancing Mirage,舞動幻影
The Dark Defiler,黑暗玷汙者
The Deepest Tower,深邃尖塔
The Desperate Alliance,絕望的同盟
The Devouring Diadem,吞噬之冠
The Empty Roar,空洞怒吼
The Eternal Spark,永恆火花
The Everlasting Gaze,永恆凝視
The Fall of the Axe,斧頭之隕
The Fallen Formation,殞落之形
The Flesh Poppet,血肉傀儡
The Gnashing Sash,憤恨飾帶
The Grand Project,偉大計劃
The Hammer of Faith,信仰之錘
The Hollow Mask,聖潔面具
The Infinite Pursuit,無盡之距
The Knight-errant,漂泊騎士
The Last Flame,終焉烈焰
The Last Lament,臨終悲歌
The Lethal Draw,致命抽取
The Mutable Star,多變之星
The Ordained,神授命使
The Pandemonius,群魔殿
The Peacemaker's Draught,和平使者藥水
The Prisoner's Manacles,囚犯的鐐銬
The Rat Cage,疫鼠囚籠
The Raven's Flock,渡鴉集束
The Remembered Tales,被銘記的故事
The Road Warrior,無畏戰士
The Searing Touch,熾炎之使
The Sentry,哨兵
The Smiling Knight,微笑騎士
The Sunken Vessel,沉船
The Surrender,降伏
The Taming,元素之章
The Three Dragons,三龍戰紀
The Triskelion Reforged,再鑄三曲
The Unborn Lich,未誕生的巫妖
The Unleashed,釋放者
The Vertex,謎容
The Vile Knight,惡劣騎士
The Wailing Wall,哀嚎之牆
The Whispering Ice,冰點低語
The Wicked Quill,邪惡羽毛
Thief's Torment,竊罪
Thornskin I,荊棘之皮 I
Thornskin II,荊棘之皮 II
Thrashing Vines,藤蔓痛打
Threaded Light,縫紉之光
Threaded Shoes,縫紉輕鞋
Thrill of the Kill,殺戮渴望
Thrill of the Kill II,殺戮渴望II
Thrillsteel,顫慄之鋼
Thunder Talisman,天雷魔符
Thunderfist,雷拳
Thunderous Leap,雷霆跳躍
Thunderstep,雷霆步伐
Thunderstorm,閃電風暴
Tidebreaker,破浪者
Tideseer Mantle,潮汐先知披肩
Time of Need,緊急時刻
Time-Lost Diamond,時迭鑽石
Time-Lost Emerald,時迭綠寶石
Time-Lost Ruby,時迭紅寶石
Time-Lost Sapphire,時迭藍寶石
Timeless Jewel,永恆珠寶
Tireless,孜孜不倦
Titan Mitts,泰坦長手套
Titanrot Cataphract,泰坦腐化重騎兵
Tonal Focus,音調法器
Topaz Charm,黃玉護符
Topaz Ring,黃玉戒指
Torment Club,磨難棍棒
Torn Gloves,撕裂手套
Tornado,龍捲風
Tornado Shot,龍捲射擊
Totemic Greatclub,圖騰巨棍棒
Toxic Domain,毒素領域
Toxic Growth,毒素植栽
Toxic Quiver,劇毒箭袋
Trail of Caltrops,蒺藜之徑
Trailblazer Armour,開拓者護甲
Trampletoe,踐踏之鞋
Transcendent Life Flask,卓越生命藥劑
Transcendent Mana Flask,卓越魔力藥劑
Trapper Hood,捕獵者之兜
Trarthan Cannon,特拉特斯巨砲
Treasured Blade,貴重刀刃
Treefingers,樹木之指
Treerunner Shoes,樹行者輕鞋
Tremors,威震
Trenchtimbre,壕溝之音
Trephina,崔非那
Tribal Bow,部落弓
Tribal Mask,部落之面
Trimmed Greaves,鑲邊脛甲
Trinity,三體輔助
Triskelion Cascade,三曲爆發
Tumult,紛亂
Twig Circlet,嫩枝頭環
Twig Focus,枝條法器
Twin Bow,雙生之弓
Twin Crossbow,成雙十字弓
Twin Flail,雙生鏈錘
Twisted Amulet,扭曲項鍊
Twisted Empyrean,畸變星穹
Twisted Wand,扭曲法杖
Twister,旋風
Two-Point Quiver,雙尖箭袋
Two-Stone Ring,雙玉戒指
Tyranny's Grip,暴政之握
Uhtred's Chalice,烏特雷的聖杯
Ultimate Life Flask,終極生命藥劑
Ultimate Mana Flask,終極魔力藥劑
Ultra Greatsword,終極巨劍
Umbilicus Immortalis,不朽繫命
Unabating,勢頭不減
Unbending,永不屈服
Unbreakable,堅不可破
Uncut Skill Gem,未切割的技能寶石
Uncut Spirit Gem,精魂寶石
Uncut Support Gem,未切割的輔助寶石
Undying Hate,不朽恨意
Unearth,屍術矢
Unerring Power,精準力量
Unforeseen Consequences,始料未及的後果
Ungil's Harmony,恩吉爾的和諧
Unleash,釋放輔助
Unset Ring,潛能之戒
Unsteady Tempo,不穩節奏
Untouchable,無法觸碰
Unyielding,屹立不搖
Upheaval I,動亂 I
Upheaval II,動亂 II
Upwelling I,湧升流 I
Upwelling II,湧升流 I
Urgent Totems I,應急圖騰 I
Urgent Totems II,應急圖騰 II
Urgent Totems III,應急圖騰 III
Urn Relic,古甕聖物
Utility Belt,實用腰帶
Utility Wraps,實用裹手
Utzaal Cuirass,奧札爾胸甲
Vaal Crest Shield,瓦爾紋章盾
Vaal Cuirass,瓦爾胸甲
Vaal Gloves,瓦爾手套
Vaal Greaves,瓦爾脛甲
Vaal Mitts,瓦爾長手套
Vaal Tower Shield,瓦爾塔盾
Vaal Wraps,瓦爾裹手
Vagabond Armour,流浪者護甲
Valako's Roar,瓦拉庫之吼
Valako's Vice,瓦拉庫之惡
Vampiric Blade,嗜血之刃
Vanguard I,無懼先鋒 I
Vanguard II,無懼先鋒 II
Varnished Crossbow,亮漆十字弓
Vase Relic,器皿聖物
Vaulting Impact,跳躍衝擊
Veil of the Night,夜幕
Veiled Mask,隱匿之面
Veilpiercer,破帷者
Velour Shoes,絲絨輕鞋
Velvet Cap,天鵝絨便帽
Venerable Defender,古老護衛盾
Venopuncture,脈絡針刺
Ventor's Gamble,賭神芬多
Verglas,冰淞
Veridical Chain,幻象鎖鏈
Verisium Manifestations,維里西姆顯化
Vermeil Circlet,鍍金頭環
Vestige of Darkness,幽暗殘餘
Veteran Sabatons,老兵鎧靴
Vicious Talisman,惡毒魔符
Vigilant View,警戒之視
Vile Greataxe,邪惡巨斧
Vile Robe,惡毒長袍
Vine Arrow,藤蔓箭矢
Viper Cap,毒蛇便帽
Vis Mortis,兀鳴
Visage of Ayah,艾雅面紗
Visceral Quiver,內臟箭袋
Visions of Paradise,天堂異象
Visored Helm,假面之盔
Vitalic Ring,維生之戒
Vitality I,活力 I
Vitality II,活力 II
Voices,嗓音
Volant Quiver,速射箭袋
Volatile Power,不穩定的力量
Volatile Wand,失衡法杖
Volatility,易爆
Volcanic Eruption,火山迸發
Volcanic Fissure,炎火脈動
Volcano,火山
Voll's Protector,福爾的戰鎧
Volt,電壓
Voltaic Barrier,伏打電盾
Voltaic Grenade,電流擲彈
Voltaic Mark,電流印記
Voltaic Staff,電流長杖
Voltaxic Rift,魔暴之痕
Voltfang Talisman,伏特之牙魔符
Voodoo Focus,巫毒法器
Votive Raiment,還願之衣
Vulnerability,脆弱
Waistgate,腰閥
Wake of Destruction,覆滅之兆
Walking Calamity,行走災厄
Wanderer Armour,漫遊者護甲
Wanderer Shoes,漫遊者輕鞋
Wandering Reliquary,流浪寶庫
Wanderlust,苦行之履
War Banner,戰爭之旗
War Spear,戰爭長矛
War Wraps,戰爭裹手
Wardbound Minions,戰縛召喚物
Warded Helm,保衛之盔
Warden Bow,守護者之弓
Warding Quarterstaff,庇護細杖
Warlock Leggings,術士護腿
Warlord Cuirass,總督胸甲
Warm Blooded,滿腔熱血
Warmonger Bow,狂戰者之弓
Warmonger Greathelm,狂戰者巨盔
Warpick,戰鎬
Warrior Greathelm,戰士巨盔
Wave of Frost,寒冰波
Waveshaper,浪湧塑形器
Waxed Jacket,打蠟外衣
Waxing Quarterstaff,白蠟細杖
Wayfarer Jacket,旅人外衣
Wayfarer Shoes,旅行者輕鞋
Wayward Crest Shield,剛愎紋章盾
Weaver Leggings,編織者護腿
Whirling Assault,迴旋擊
Whirling Slash,迴旋斬
Whirlwind Lance,旋風之槍
Whisper of the Brotherhood,意志低語
Whorl Focus,螺旋法器
Wicker Tiara,枝條頭冠
Wide Belt,寬大腰帶
Widow's Reign,寡婦統治
Widowhail,鰥寡之托
Wildfire,燐火
Wildshards I,野性碎片 I
Wildshards II,野性碎片 II
Wildwood Talisman,荒林魔符
Wind Blast,破風爆裂
Wind Dancer,風魔舞者
Wind Serpent's Fury,勁風蝮蛇之怒
Wind Wave,疾風之波
Window of Opportunity I,機會之窗 I
Window of Opportunity II,機會之窗 II
Window to Paradise,通往天堂之窗
Windscream,惡風足跡
Wing Blast,翅翼猛襲
Winged Spear,羽翅長矛
Wings of Caelyn,凱林之翼
Winter's Bite,寒冬嚙蝕
Withered Wand,凋零法杖
Withering Presence,凋零光環
Withering Touch,凋零之觸
Wolf Pack,召喚惡狼
Wolfskin Mantle,狼皮披肩
Wondertrap,迴光之跡
Wooden Buckler,木頭輕盾
Wooden Club,木製棍棒
Wool Cap,羊毛便帽
Woven Cap,編織便帽
Woven Focus,編織法器
Wraeclast Besieged,被圍攻的瓦爾克拉斯
Wrapped Cap,纏繞便帽
Wrapped Greathelm,纏繞巨盔
Wrapped Quarterstaff,纏繞細杖
Wrapped Sandals,裹腳便鞋
Wrath Sceptre,暴怒權杖
Wreath Focus,花環法器
Wulfsbane,狼之禍
Wylund's Stake,威倫德的木樁
Wyrm Quarterstaff,蠕蟲細杖
Wyrmscale Coat,龍鱗外套
Xoph's Blood,索伏之血
Yoke of Suffering,磨難之軛
Yriel's Fostering,伊瑞的栽培
Zaida's Longevity,扎伊達的長壽
Zealot Bow,狂熱者之弓
Zealot Crown,狂熱之冠
Zealot Gauntlets,狂熱護手
Zealot Greathammer,狂熱巨錘
Zenith I,極盛 I
Zenith II,極盛 II
Zerphi's Genesis,澤佛伊的創世紀
Zerphi's Serape,澤菲披肩
